featureID	Name	kingdom	phylum	class	order	family	genus	species	superkingdom	taxonomy	superphylum	subclass	suborder	subphylum
OTU_1	eu528231.1 seasonal dynamics mudflat mouth major kentucky lake reservoir tributary sediment clone 3.5.6  	bacteria	proteobacteria	alphaproteobacteria	rhodospirillales	rhodospirillaceae	magnetospirillum	magnetospirillum sp.	bacteria	Root;k__bacteria;p__proteobacteria;c__alphaproteobacteria;o__rhodospirillales;f__rhodospirillaceae;g__magnetospirillum;s__magnetospirillum sp.;				
OTU_2	uncultured opitutus sp. 	bacteria	verrucomicrobia	opitutae	opitutales	opitutaceae	opitutus	opitutus spp.	bacteria	Root;k__bacteria;p__verrucomicrobia;c__opitutae;o__opitutales;f__opitutaceae;g__opitutus;s__opitutus spp.;	chlamydiae/verrucomicrobia group			
OTU_3	rhodopseudomonas palustris 	bacteria	proteobacteria	alphaproteobacteria	rhizobiales	bradyrhizobiaceae	rhodopseudomonas	rhodopseudomonas palustris	bacteria	Root;k__bacteria;p__proteobacteria;c__alphaproteobacteria;o__rhizobiales;f__bradyrhizobiaceae;g__rhodopseudomonas;s__rhodopseudomonas palustris;				
OTU_4	ay297802.1 waterlogged archaeological wood clone pach82  	bacteria	proteobacteria	alphaproteobacteria	rhizobiales	methylocystaceae	pleomorphomonas	pleomorphomonas oryzae	bacteria	Root;k__bacteria;p__proteobacteria;c__alphaproteobacteria;o__rhizobiales;f__methylocystaceae;g__pleomorphomonas;s__pleomorphomonas oryzae;				
OTU_5	rhodoblastus acidophilus 	bacteria	proteobacteria	alphaproteobacteria	rhizobiales	bradyrhizobiaceae	rhodoblastus	rhodoblastus acidophilus	bacteria	Root;k__bacteria;p__proteobacteria;c__alphaproteobacteria;o__rhizobiales;f__bradyrhizobiaceae;g__rhodoblastus;s__rhodoblastus acidophilus;				
OTU_6	eu528231.1 seasonal dynamics mudflat mouth major kentucky lake reservoir tributary sediment clone 3.5.6  	bacteria	proteobacteria	alphaproteobacteria	rhodospirillales	rhodospirillaceae	magnetospirillum	magnetospirillum sp.	bacteria	Root;k__bacteria;p__proteobacteria;c__alphaproteobacteria;o__rhodospirillales;f__rhodospirillaceae;g__magnetospirillum;s__magnetospirillum sp.;				
OTU_7	af025373.1 citrobacter werkmanii str. cdc 0876_58  	bacteria	proteobacteria	gammaproteobacteria	enterobacteriales	enterobacteriaceae	citrobacter	citrobacter werkmanii	bacteria	Root;k__bacteria;p__proteobacteria;c__gammaproteobacteria;o__enterobacteriales;f__enterobacteriaceae;g__citrobacter;s__citrobacter werkmanii;				
OTU_8	uncultured bacteroides sp. 	bacteria	bacteroidetes	bacteroidia	bacteroidales	bacteroidaceae	bacteroides	bacteroides spp.	bacteria	Root;k__bacteria;p__bacteroidetes;c__bacteroidia;o__bacteroidales;f__bacteroidaceae;g__bacteroides;s__bacteroides spp.;	bacteroidetes/chlorobi group			
OTU_9	eubacterium sp. oral clone ji012 	bacteria	firmicutes	clostridia	clostridiales	eubacteriaceae	eubacterium	eubacterium sp.	bacteria	Root;k__bacteria;p__firmicutes;c__clostridia;o__clostridiales;f__eubacteriaceae;g__eubacterium;s__eubacterium sp.;				
OTU_10	uncultured pontibacter sp. 	bacteria	bacteroidetes	cytophagia	cytophagales	cytophagaceae	pontibacter	pontibacter spp.	bacteria	Root;k__bacteria;p__bacteroidetes;c__cytophagia;o__cytophagales;f__cytophagaceae;g__pontibacter;s__pontibacter spp.;	bacteroidetes/chlorobi group			
OTU_11	uncultured acetobacter sp. 	bacteria	proteobacteria	alphaproteobacteria	rhodospirillales	acetobacteraceae	acetobacter	acetobacter spp.	bacteria	Root;k__bacteria;p__proteobacteria;c__alphaproteobacteria;o__rhodospirillales;f__acetobacteraceae;g__acetobacter;s__acetobacter spp.;				
OTU_12	paludibacter propionicigenes 	bacteria	bacteroidetes	bacteroidia	bacteroidales	porphyromonadaceae	paludibacter	paludibacter propionicigenes	bacteria	Root;k__bacteria;p__bacteroidetes;c__bacteroidia;o__bacteroidales;f__porphyromonadaceae;g__paludibacter;s__paludibacter propionicigenes;	bacteroidetes/chlorobi group			
OTU_13	uncultured bacteroides sp. 	bacteria	bacteroidetes	bacteroidia	bacteroidales	bacteroidaceae	bacteroides	bacteroides spp.	bacteria	Root;k__bacteria;p__bacteroidetes;c__bacteroidia;o__bacteroidales;f__bacteroidaceae;g__bacteroides;s__bacteroides spp.;	bacteroidetes/chlorobi group			
OTU_14	uncultured ancalomicrobium sp. 	bacteria	proteobacteria	alphaproteobacteria	rhizobiales	hyphomicrobiaceae	ancalomicrobium	ancalomicrobium spp.	bacteria	Root;k__bacteria;p__proteobacteria;c__alphaproteobacteria;o__rhizobiales;f__hyphomicrobiaceae;g__ancalomicrobium;s__ancalomicrobium spp.;				
OTU_15	uncultured spirochaeta sp. 	bacteria	spirochaetes	spirochaetia	spirochaetales	spirochaetaceae	spirochaeta	spirochaeta spp.	bacteria	Root;k__bacteria;p__spirochaetes;c__spirochaetia;o__spirochaetales;f__spirochaetaceae;g__spirochaeta;s__spirochaeta spp.;				
OTU_16	cu927348.1 towards definition core microorganisms involved digestion mesophilic anaerobic digester which treats municipal wastewater sludge clone  	bacteria	proteobacteria	betaproteobacteria	rhodocyclales	rhodocyclaceae	rhodocyclus	rhodocyclus tenuis	bacteria	Root;k__bacteria;p__proteobacteria;c__betaproteobacteria;o__rhodocyclales;f__rhodocyclaceae;g__rhodocyclus;s__rhodocyclus tenuis;				
OTU_17	cloacibacterium normanense 	bacteria	bacteroidetes	flavobacteriia	flavobacteriales	flavobacteriaceae	cloacibacterium	cloacibacterium normanense	bacteria	Root;k__bacteria;p__bacteroidetes;c__flavobacteriia;o__flavobacteriales;f__flavobacteriaceae;g__cloacibacterium;s__cloacibacterium normanense;	bacteroidetes/chlorobi group			
OTU_18	ay267192.1 pseudomonas veronii str. 16_6a  	bacteria	proteobacteria	gammaproteobacteria	pseudomonadales	pseudomonadaceae	pseudomonas	pseudomonas veronii	bacteria	Root;k__bacteria;p__proteobacteria;c__gammaproteobacteria;o__pseudomonadales;f__pseudomonadaceae;g__pseudomonas;s__pseudomonas veronii;				
OTU_20	propionicimonas paludicola 	bacteria	actinobacteria	actinobacteria	actinomycetales	nocardioidaceae	propionicimonas	propionicimonas paludicola	bacteria	Root;k__bacteria;p__actinobacteria;c__actinobacteria;o__actinomycetales;f__nocardioidaceae;g__propionicimonas;s__propionicimonas paludicola;		  actinobacteridae	__propionibacterineae	
OTU_21	uncultured stenotrophomonas sp. 	bacteria	proteobacteria	gammaproteobacteria	xanthomonadales	xanthomonadaceae	stenotrophomonas	stenotrophomonas spp.	bacteria	Root;k__bacteria;p__proteobacteria;c__gammaproteobacteria;o__xanthomonadales;f__xanthomonadaceae;g__stenotrophomonas;s__stenotrophomonas spp.;				
OTU_22	uncultured ruminococcus sp. 	bacteria	firmicutes	clostridia	clostridiales	ruminococcaceae	ruminococcus	ruminococcus spp.	bacteria	Root;k__bacteria;p__firmicutes;c__clostridia;o__clostridiales;f__ruminococcaceae;g__ruminococcus;s__ruminococcus spp.;				
OTU_23	ab079679.1 rhodopseudomonas sp. hmd89  	bacteria	proteobacteria	alphaproteobacteria	rhizobiales	bradyrhizobiaceae	afipia	afipia sp.	bacteria	Root;k__bacteria;p__proteobacteria;c__alphaproteobacteria;o__rhizobiales;f__bradyrhizobiaceae;g__afipia;s__afipia sp.;				
OTU_24	ab079679.1 rhodopseudomonas sp. hmd89  	bacteria	proteobacteria	alphaproteobacteria	rhizobiales	bradyrhizobiaceae	afipia	afipia sp.	bacteria	Root;k__bacteria;p__proteobacteria;c__alphaproteobacteria;o__rhizobiales;f__bradyrhizobiaceae;g__afipia;s__afipia sp.;				
OTU_25	azospirillum amazonense 	bacteria	proteobacteria	alphaproteobacteria	rhodospirillales	rhodospirillaceae	nitrospirillum	azospirillum amazonense	bacteria	Root;k__bacteria;p__proteobacteria;c__alphaproteobacteria;o__rhodospirillales;f__rhodospirillaceae;g__nitrospirillum;s__azospirillum amazonense;				
OTU_26	fj596644.1 acinetobacter junii str. p1  	bacteria	proteobacteria	gammaproteobacteria	pseudomonadales	moraxellaceae	acinetobacter	acinetobacter junii	bacteria	Root;k__bacteria;p__proteobacteria;c__gammaproteobacteria;o__pseudomonadales;f__moraxellaceae;g__acinetobacter;s__acinetobacter junii;				
OTU_27	uncultured ancalomicrobium sp. 	bacteria	proteobacteria	alphaproteobacteria	rhizobiales	hyphomicrobiaceae	ancalomicrobium	ancalomicrobium spp.	bacteria	Root;k__bacteria;p__proteobacteria;c__alphaproteobacteria;o__rhizobiales;f__hyphomicrobiaceae;g__ancalomicrobium;s__ancalomicrobium spp.;				
OTU_28	uncultured rhodopseudomonas sp. 	bacteria	proteobacteria	alphaproteobacteria	rhizobiales	bradyrhizobiaceae	rhodopseudomonas	rhodopseudomonas spp.	bacteria	Root;k__bacteria;p__proteobacteria;c__alphaproteobacteria;o__rhizobiales;f__bradyrhizobiaceae;g__rhodopseudomonas;s__rhodopseudomonas spp.;				
OTU_29	dechloromonas agitata 	bacteria	proteobacteria	betaproteobacteria	rhodocyclales	rhodocyclaceae	dechloromonas	dechloromonas agitata	bacteria	Root;k__bacteria;p__proteobacteria;c__betaproteobacteria;o__rhodocyclales;f__rhodocyclaceae;g__dechloromonas;s__dechloromonas agitata;				
OTU_30	uncultured bacteroides sp. 	bacteria	bacteroidetes	bacteroidia	bacteroidales	bacteroidaceae	bacteroides	bacteroides spp.	bacteria	Root;k__bacteria;p__bacteroidetes;c__bacteroidia;o__bacteroidales;f__bacteroidaceae;g__bacteroides;s__bacteroides spp.;	bacteroidetes/chlorobi group			
OTU_32	gq046324.1 topographical and temporal human skin microbiome skin volar forearm clone nbw996b10c1  	bacteria	actinobacteria	actinobacteria	actinomycetales	propionibacteriaceae	propionibacterium	propionibacterium acnes	bacteria	Root;k__bacteria;p__actinobacteria;c__actinobacteria;o__actinomycetales;f__propionibacteriaceae;g__propionibacterium;s__propionibacterium acnes;		  actinobacteridae	__propionibacterineae	
OTU_33	uncultured acidovorax sp. 	bacteria	proteobacteria	betaproteobacteria	burkholderiales	comamonadaceae	acidovorax	acidovorax spp.	bacteria	Root;k__bacteria;p__proteobacteria;c__betaproteobacteria;o__burkholderiales;f__comamonadaceae;g__acidovorax;s__acidovorax spp.;				
OTU_34	d25313.1 rhodoplanes roseus str. 941  	bacteria	proteobacteria	alphaproteobacteria	rhizobiales	hyphomicrobiaceae	rhodoplanes	rhodoplanes elegans	bacteria	Root;k__bacteria;p__proteobacteria;c__alphaproteobacteria;o__rhizobiales;f__hyphomicrobiaceae;g__rhodoplanes;s__rhodoplanes elegans;				
OTU_35	uncultured acetobacter sp. 	bacteria	proteobacteria	alphaproteobacteria	rhodospirillales	acetobacteraceae	acetobacter	acetobacter spp.	bacteria	Root;k__bacteria;p__proteobacteria;c__alphaproteobacteria;o__rhodospirillales;f__acetobacteraceae;g__acetobacter;s__acetobacter spp.;				
OTU_36	pontibacter salisaro 	bacteria	bacteroidetes	cytophagia	cytophagales	cytophagaceae	pontibacter	pontibacter salisaro	bacteria	Root;k__bacteria;p__bacteroidetes;c__cytophagia;o__cytophagales;f__cytophagaceae;g__pontibacter;s__pontibacter salisaro;	bacteroidetes/chlorobi group			
OTU_37	barnesiella viscericola dsm 18177 	bacteria	bacteroidetes	bacteroidia	bacteroidales	porphyromonadaceae	barnesiella	barnesiella viscericola	bacteria	Root;k__bacteria;p__bacteroidetes;c__bacteroidia;o__bacteroidales;f__porphyromonadaceae;g__barnesiella;s__barnesiella viscericola;	bacteroidetes/chlorobi group			
OTU_39	pleomorphomonas sp. r5_392 	bacteria	proteobacteria	alphaproteobacteria	rhizobiales	methylocystaceae	pleomorphomonas	pleomorphomonas sp.	bacteria	Root;k__bacteria;p__proteobacteria;c__alphaproteobacteria;o__rhizobiales;f__methylocystaceae;g__pleomorphomonas;s__pleomorphomonas sp.;				
OTU_40	opitutus sp. enrichment culture clone lt_b7 	bacteria	verrucomicrobia	opitutae	opitutales	opitutaceae	opitutus	opitutus sp.	bacteria	Root;k__bacteria;p__verrucomicrobia;c__opitutae;o__opitutales;f__opitutaceae;g__opitutus;s__opitutus sp.;	chlamydiae/verrucomicrobia group			
OTU_41	ay297802.1 waterlogged archaeological wood clone pach82  	bacteria	proteobacteria	alphaproteobacteria	rhizobiales	methylocystaceae	pleomorphomonas	pleomorphomonas oryzae	bacteria	Root;k__bacteria;p__proteobacteria;c__alphaproteobacteria;o__rhizobiales;f__methylocystaceae;g__pleomorphomonas;s__pleomorphomonas oryzae;				
OTU_42	uncultured ancalomicrobium sp. 	bacteria	proteobacteria	alphaproteobacteria	rhizobiales	hyphomicrobiaceae	ancalomicrobium	ancalomicrobium spp.	bacteria	Root;k__bacteria;p__proteobacteria;c__alphaproteobacteria;o__rhizobiales;f__hyphomicrobiaceae;g__ancalomicrobium;s__ancalomicrobium spp.;				
OTU_43	aj582755.1 desulfovibrio ferrireducens str. cy1  	bacteria	proteobacteria	deltaproteobacteria	desulfovibrionales	desulfovibrionaceae	desulfovibrio	desulfovibrio mexicanus	bacteria	Root;k__bacteria;p__proteobacteria;c__deltaproteobacteria;o__desulfovibrionales;f__desulfovibrionaceae;g__desulfovibrio;s__desulfovibrio mexicanus;				__delta/epsilon subdivisions
OTU_44	uncultured rhodopseudomonas sp. 	bacteria	proteobacteria	alphaproteobacteria	rhizobiales	bradyrhizobiaceae	rhodopseudomonas	rhodopseudomonas spp.	bacteria	Root;k__bacteria;p__proteobacteria;c__alphaproteobacteria;o__rhizobiales;f__bradyrhizobiaceae;g__rhodopseudomonas;s__rhodopseudomonas spp.;				
OTU_45	uncultured bacteroides sp. 	bacteria	bacteroidetes	bacteroidia	bacteroidales	bacteroidaceae	bacteroides	bacteroides spp.	bacteria	Root;k__bacteria;p__bacteroidetes;c__bacteroidia;o__bacteroidales;f__bacteroidaceae;g__bacteroides;s__bacteroides spp.;	bacteroidetes/chlorobi group			
OTU_46	uncultured acetobacter sp. 	bacteria	proteobacteria	alphaproteobacteria	rhodospirillales	acetobacteraceae	acetobacter	acetobacter spp.	bacteria	Root;k__bacteria;p__proteobacteria;c__alphaproteobacteria;o__rhodospirillales;f__acetobacteraceae;g__acetobacter;s__acetobacter spp.;				
OTU_47	uncultured bacteroides sp. 	bacteria	bacteroidetes	bacteroidia	bacteroidales	bacteroidaceae	bacteroides	bacteroides spp.	bacteria	Root;k__bacteria;p__bacteroidetes;c__bacteroidia;o__bacteroidales;f__bacteroidaceae;g__bacteroides;s__bacteroides spp.;	bacteroidetes/chlorobi group			
OTU_48	uncultured bacteroides sp. 	bacteria	bacteroidetes	bacteroidia	bacteroidales	bacteroidaceae	bacteroides	bacteroides spp.	bacteria	Root;k__bacteria;p__bacteroidetes;c__bacteroidia;o__bacteroidales;f__bacteroidaceae;g__bacteroides;s__bacteroides spp.;	bacteroidetes/chlorobi group			
OTU_49	uncultured bacteroides sp. 	bacteria	bacteroidetes	bacteroidia	bacteroidales	bacteroidaceae	bacteroides	bacteroides spp.	bacteria	Root;k__bacteria;p__bacteroidetes;c__bacteroidia;o__bacteroidales;f__bacteroidaceae;g__bacteroides;s__bacteroides spp.;	bacteroidetes/chlorobi group			
OTU_50	rhizobium straminoryzae 	bacteria	proteobacteria	alphaproteobacteria	rhizobiales	rhizobiaceae	rhizobium	rhizobium straminoryzae	bacteria	Root;k__bacteria;p__proteobacteria;c__alphaproteobacteria;o__rhizobiales;f__rhizobiaceae;g__rhizobium;s__rhizobium straminoryzae;				
OTU_51	uncultured pontibacter sp. 	bacteria	bacteroidetes	cytophagia	cytophagales	cytophagaceae	pontibacter	pontibacter spp.	bacteria	Root;k__bacteria;p__bacteroidetes;c__cytophagia;o__cytophagales;f__cytophagaceae;g__pontibacter;s__pontibacter spp.;	bacteroidetes/chlorobi group			
OTU_52	eu528231.1 seasonal dynamics mudflat mouth major kentucky lake reservoir tributary sediment clone 3.5.6  	bacteria	proteobacteria	alphaproteobacteria	rhodospirillales	rhodospirillaceae	magnetospirillum	magnetospirillum sp.	bacteria	Root;k__bacteria;p__proteobacteria;c__alphaproteobacteria;o__rhodospirillales;f__rhodospirillaceae;g__magnetospirillum;s__magnetospirillum sp.;				
OTU_53	fj540915.1 bradyrhizobium yuanmingense str. dtb9  	bacteria	proteobacteria	alphaproteobacteria	rhizobiales	bradyrhizobiaceae	bradyrhizobium	bradyrhizobium yuanmingense	bacteria	Root;k__bacteria;p__proteobacteria;c__alphaproteobacteria;o__rhizobiales;f__bradyrhizobiaceae;g__bradyrhizobium;s__bradyrhizobium yuanmingense;				
OTU_54	phaeospirillum sp. ak32 	bacteria	proteobacteria	alphaproteobacteria	rhodospirillales	rhodospirillaceae	phaeospirillum	phaeospirillum sp.	bacteria	Root;k__bacteria;p__proteobacteria;c__alphaproteobacteria;o__rhodospirillales;f__rhodospirillaceae;g__phaeospirillum;s__phaeospirillum sp.;				
OTU_56	uncultured bacteroides sp. 	bacteria	bacteroidetes	bacteroidia	bacteroidales	bacteroidaceae	bacteroides	bacteroides spp.	bacteria	Root;k__bacteria;p__bacteroidetes;c__bacteroidia;o__bacteroidales;f__bacteroidaceae;g__bacteroides;s__bacteroides spp.;	bacteroidetes/chlorobi group			
OTU_57	af529115.1 trichloroethene_contaminated site clone ftlm116 proteobacterium  	bacteria	proteobacteria	alphaproteobacteria	rhizobiales	bradyrhizobiaceae	afipia	afipia sp.	bacteria	Root;k__bacteria;p__proteobacteria;c__alphaproteobacteria;o__rhizobiales;f__bradyrhizobiaceae;g__afipia;s__afipia sp.;				
OTU_58	uncultured opitutus sp. 	bacteria	verrucomicrobia	opitutae	opitutales	opitutaceae	opitutus	opitutus spp.	bacteria	Root;k__bacteria;p__verrucomicrobia;c__opitutae;o__opitutales;f__opitutaceae;g__opitutus;s__opitutus spp.;	chlamydiae/verrucomicrobia group			
OTU_59	pontibacter sp. swu8 	bacteria	bacteroidetes	cytophagia	cytophagales	cytophagaceae	pontibacter	pontibacter sp.	bacteria	Root;k__bacteria;p__bacteroidetes;c__cytophagia;o__cytophagales;f__cytophagaceae;g__pontibacter;s__pontibacter sp.;	bacteroidetes/chlorobi group			
OTU_60	pleomorphomonas sp. r5_392 	bacteria	proteobacteria	alphaproteobacteria	rhizobiales	methylocystaceae	pleomorphomonas	pleomorphomonas sp.	bacteria	Root;k__bacteria;p__proteobacteria;c__alphaproteobacteria;o__rhizobiales;f__methylocystaceae;g__pleomorphomonas;s__pleomorphomonas sp.;				
OTU_61	ay297802.1 waterlogged archaeological wood clone pach82  	bacteria	proteobacteria	alphaproteobacteria	rhizobiales	methylocystaceae	pleomorphomonas	pleomorphomonas oryzae	bacteria	Root;k__bacteria;p__proteobacteria;c__alphaproteobacteria;o__rhizobiales;f__methylocystaceae;g__pleomorphomonas;s__pleomorphomonas oryzae;				
OTU_62	pontibacter sp. nrtx 	bacteria	bacteroidetes	cytophagia	cytophagales	cytophagaceae	pontibacter	pontibacter sp.	bacteria	Root;k__bacteria;p__bacteroidetes;c__cytophagia;o__cytophagales;f__cytophagaceae;g__pontibacter;s__pontibacter sp.;	bacteroidetes/chlorobi group			
OTU_63	ab079679.1 rhodopseudomonas sp. hmd89  	bacteria	proteobacteria	alphaproteobacteria	rhizobiales	bradyrhizobiaceae	afipia	afipia sp.	bacteria	Root;k__bacteria;p__proteobacteria;c__alphaproteobacteria;o__rhizobiales;f__bradyrhizobiaceae;g__afipia;s__afipia sp.;				
OTU_64	aj563927.1 methylocella palustris str. h4  	bacteria	proteobacteria	alphaproteobacteria	rhizobiales	beijerinckiaceae	methylocella	methylocella palustris	bacteria	Root;k__bacteria;p__proteobacteria;c__alphaproteobacteria;o__rhizobiales;f__beijerinckiaceae;g__methylocella;s__methylocella palustris;				
OTU_65	uncultured fibrobacter sp. 	bacteria	fibrobacteres	fibrobacteria	fibrobacterales	fibrobacteraceae	fibrobacter	fibrobacter spp.	bacteria	Root;k__bacteria;p__fibrobacteres;c__fibrobacteria;o__fibrobacterales;f__fibrobacteraceae;g__fibrobacter;s__fibrobacter spp.;	fibrobacteres/acidobacteria group			
OTU_67	eu528231.1 seasonal dynamics mudflat mouth major kentucky lake reservoir tributary sediment clone 3.5.6  	bacteria	proteobacteria	alphaproteobacteria	rhodospirillales	rhodospirillaceae	magnetospirillum	magnetospirillum sp.	bacteria	Root;k__bacteria;p__proteobacteria;c__alphaproteobacteria;o__rhodospirillales;f__rhodospirillaceae;g__magnetospirillum;s__magnetospirillum sp.;				
OTU_68	eu767784.1 pervasive effects antibiotic on human gut microbiota deep sequencing fecal clone c3_121  	bacteria	bacteroidetes	bacteroidia	bacteroidales	bacteroidaceae	bacteroides	bacteroides fragilis	bacteria	Root;k__bacteria;p__bacteroidetes;c__bacteroidia;o__bacteroidales;f__bacteroidaceae;g__bacteroides;s__bacteroides fragilis;	bacteroidetes/chlorobi group			
OTU_69	uncultured opitutus sp. 	bacteria	verrucomicrobia	opitutae	opitutales	opitutaceae	opitutus	opitutus spp.	bacteria	Root;k__bacteria;p__verrucomicrobia;c__opitutae;o__opitutales;f__opitutaceae;g__opitutus;s__opitutus spp.;	chlamydiae/verrucomicrobia group			
OTU_70	uncultured enterobacter sp. 	bacteria	proteobacteria	gammaproteobacteria	enterobacteriales	enterobacteriaceae	enterobacter	enterobacter spp.	bacteria	Root;k__bacteria;p__proteobacteria;c__gammaproteobacteria;o__enterobacteriales;f__enterobacteriaceae;g__enterobacter;s__enterobacter spp.;				
OTU_71	rhodoblastus acidophilus 	bacteria	proteobacteria	alphaproteobacteria	rhizobiales	bradyrhizobiaceae	rhodoblastus	rhodoblastus acidophilus	bacteria	Root;k__bacteria;p__proteobacteria;c__alphaproteobacteria;o__rhizobiales;f__bradyrhizobiaceae;g__rhodoblastus;s__rhodoblastus acidophilus;				
OTU_72	phaeospirillum sp. ak32 	bacteria	proteobacteria	alphaproteobacteria	rhodospirillales	rhodospirillaceae	phaeospirillum	phaeospirillum sp.	bacteria	Root;k__bacteria;p__proteobacteria;c__alphaproteobacteria;o__rhodospirillales;f__rhodospirillaceae;g__phaeospirillum;s__phaeospirillum sp.;				
OTU_73	eu528231.1 seasonal dynamics mudflat mouth major kentucky lake reservoir tributary sediment clone 3.5.6  	bacteria	proteobacteria	alphaproteobacteria	rhodospirillales	rhodospirillaceae	magnetospirillum	magnetospirillum sp.	bacteria	Root;k__bacteria;p__proteobacteria;c__alphaproteobacteria;o__rhodospirillales;f__rhodospirillaceae;g__magnetospirillum;s__magnetospirillum sp.;				
OTU_74	uncultured bacteroides sp. 	bacteria	bacteroidetes	bacteroidia	bacteroidales	bacteroidaceae	bacteroides	bacteroides spp.	bacteria	Root;k__bacteria;p__bacteroidetes;c__bacteroidia;o__bacteroidales;f__bacteroidaceae;g__bacteroides;s__bacteroides spp.;	bacteroidetes/chlorobi group			
OTU_75	ay297802.1 waterlogged archaeological wood clone pach82  	bacteria	proteobacteria	alphaproteobacteria	rhizobiales	methylocystaceae	pleomorphomonas	pleomorphomonas oryzae	bacteria	Root;k__bacteria;p__proteobacteria;c__alphaproteobacteria;o__rhizobiales;f__methylocystaceae;g__pleomorphomonas;s__pleomorphomonas oryzae;				
OTU_76	uncultured acetobacter sp. 	bacteria	proteobacteria	alphaproteobacteria	rhodospirillales	acetobacteraceae	acetobacter	acetobacter spp.	bacteria	Root;k__bacteria;p__proteobacteria;c__alphaproteobacteria;o__rhodospirillales;f__acetobacteraceae;g__acetobacter;s__acetobacter spp.;				
OTU_77	am947938.1 rhodopseudomonas pangongensis str. ja310  	bacteria	proteobacteria	alphaproteobacteria	rhizobiales	bradyrhizobiaceae	rhodopseudomonas	rhodopseudomonas pangongensis	bacteria	Root;k__bacteria;p__proteobacteria;c__alphaproteobacteria;o__rhizobiales;f__bradyrhizobiaceae;g__rhodopseudomonas;s__rhodopseudomonas pangongensis;				
OTU_78	aj318524.1 rhodovibrio sodomensis str. sg3105  	bacteria	proteobacteria	alphaproteobacteria	rhodospirillales	rhodospirillaceae	rhodovibrio	rhodovibrio sodomensis	bacteria	Root;k__bacteria;p__proteobacteria;c__alphaproteobacteria;o__rhodospirillales;f__rhodospirillaceae;g__rhodovibrio;s__rhodovibrio sodomensis;				
OTU_79	uncultured bacteroides sp. 	bacteria	bacteroidetes	bacteroidia	bacteroidales	bacteroidaceae	bacteroides	bacteroides spp.	bacteria	Root;k__bacteria;p__bacteroidetes;c__bacteroidia;o__bacteroidales;f__bacteroidaceae;g__bacteroides;s__bacteroides spp.;	bacteroidetes/chlorobi group			
OTU_80	uncultured bacteroides sp. 	bacteria	bacteroidetes	bacteroidia	bacteroidales	bacteroidaceae	bacteroides	bacteroides spp.	bacteria	Root;k__bacteria;p__bacteroidetes;c__bacteroidia;o__bacteroidales;f__bacteroidaceae;g__bacteroides;s__bacteroides spp.;	bacteroidetes/chlorobi group			
OTU_81	rhizobium petrolearium 	bacteria	proteobacteria	alphaproteobacteria	rhizobiales	rhizobiaceae	rhizobium	rhizobium petrolearium	bacteria	Root;k__bacteria;p__proteobacteria;c__alphaproteobacteria;o__rhizobiales;f__rhizobiaceae;g__rhizobium;s__rhizobium petrolearium;				
OTU_82	uncultured bacteroides sp. 	bacteria	bacteroidetes	bacteroidia	bacteroidales	bacteroidaceae	bacteroides	bacteroides spp.	bacteria	Root;k__bacteria;p__bacteroidetes;c__bacteroidia;o__bacteroidales;f__bacteroidaceae;g__bacteroides;s__bacteroides spp.;	bacteroidetes/chlorobi group			
OTU_83	uncultured bacteroides sp. 	bacteria	bacteroidetes	bacteroidia	bacteroidales	bacteroidaceae	bacteroides	bacteroides spp.	bacteria	Root;k__bacteria;p__bacteroidetes;c__bacteroidia;o__bacteroidales;f__bacteroidaceae;g__bacteroides;s__bacteroides spp.;	bacteroidetes/chlorobi group			
OTU_84	ay297802.1 waterlogged archaeological wood clone pach82  	bacteria	proteobacteria	alphaproteobacteria	rhizobiales	methylocystaceae	pleomorphomonas	pleomorphomonas oryzae	bacteria	Root;k__bacteria;p__proteobacteria;c__alphaproteobacteria;o__rhizobiales;f__methylocystaceae;g__pleomorphomonas;s__pleomorphomonas oryzae;				
OTU_85	uncultured rhodothermus sp. 	bacteria	bacteroidetes	bacteroidetes	bacteroidetes order ii. incertae sedis	rhodothermaceae	rhodothermus	rhodothermus spp.	bacteria	Root;k__bacteria;p__bacteroidetes;c__bacteroidetes;o__bacteroidetes order ii. incertae sedis;f__rhodothermaceae;g__rhodothermus;s__rhodothermus spp.;	bacteroidetes/chlorobi group			
OTU_87	ab079634.1 rhodopseudomonas palustris va2_2  	bacteria	proteobacteria	alphaproteobacteria	rhizobiales	bradyrhizobiaceae	rhodopseudomonas	rhodopseudomonas palustris	bacteria	Root;k__bacteria;p__proteobacteria;c__alphaproteobacteria;o__rhizobiales;f__bradyrhizobiaceae;g__rhodopseudomonas;s__rhodopseudomonas palustris;				
OTU_88	barnesiella viscericola dsm 18177 	bacteria	bacteroidetes	bacteroidia	bacteroidales	porphyromonadaceae	barnesiella	barnesiella viscericola	bacteria	Root;k__bacteria;p__bacteroidetes;c__bacteroidia;o__bacteroidales;f__porphyromonadaceae;g__barnesiella;s__barnesiella viscericola;	bacteroidetes/chlorobi group			
OTU_89	rhodoblastus acidophilus 	bacteria	proteobacteria	alphaproteobacteria	rhizobiales	bradyrhizobiaceae	rhodoblastus	rhodoblastus acidophilus	bacteria	Root;k__bacteria;p__proteobacteria;c__alphaproteobacteria;o__rhizobiales;f__bradyrhizobiaceae;g__rhodoblastus;s__rhodoblastus acidophilus;				
OTU_90	uncultured acetobacter sp. 	bacteria	proteobacteria	alphaproteobacteria	rhodospirillales	acetobacteraceae	acetobacter	acetobacter spp.	bacteria	Root;k__bacteria;p__proteobacteria;c__alphaproteobacteria;o__rhodospirillales;f__acetobacteraceae;g__acetobacter;s__acetobacter spp.;				
OTU_91	pleomorphomonas sp. r5_392 	bacteria	proteobacteria	alphaproteobacteria	rhizobiales	methylocystaceae	pleomorphomonas	pleomorphomonas sp.	bacteria	Root;k__bacteria;p__proteobacteria;c__alphaproteobacteria;o__rhizobiales;f__methylocystaceae;g__pleomorphomonas;s__pleomorphomonas sp.;				
OTU_92	uncultured bacteroides sp. 	bacteria	bacteroidetes	bacteroidia	bacteroidales	bacteroidaceae	bacteroides	bacteroides spp.	bacteria	Root;k__bacteria;p__bacteroidetes;c__bacteroidia;o__bacteroidales;f__bacteroidaceae;g__bacteroides;s__bacteroides spp.;	bacteroidetes/chlorobi group			
OTU_94	uncultured bacteroides sp. 	bacteria	bacteroidetes	bacteroidia	bacteroidales	bacteroidaceae	bacteroides	bacteroides spp.	bacteria	Root;k__bacteria;p__bacteroidetes;c__bacteroidia;o__bacteroidales;f__bacteroidaceae;g__bacteroides;s__bacteroides spp.;	bacteroidetes/chlorobi group			
OTU_95	uncultured prolixibacter sp. 	bacteria	bacteroidetes	bacteroidia	bacteroidales	prolixibacteraceae	prolixibacter	prolixibacter spp.	bacteria	Root;k__bacteria;p__bacteroidetes;c__bacteroidia;o__bacteroidales;f__prolixibacteraceae;g__prolixibacter;s__prolixibacter spp.;	bacteroidetes/chlorobi group			
OTU_98	gu339183.1 pontibacter sp. str. hmd3125  	bacteria	bacteroidetes	cytophagia	cytophagales	cytophagaceae	pontibacter	pontibacter korlensis	bacteria	Root;k__bacteria;p__bacteroidetes;c__cytophagia;o__cytophagales;f__cytophagaceae;g__pontibacter;s__pontibacter korlensis;	bacteroidetes/chlorobi group			
OTU_99	uncultured bacteroides sp. 	bacteria	bacteroidetes	bacteroidia	bacteroidales	bacteroidaceae	bacteroides	bacteroides spp.	bacteria	Root;k__bacteria;p__bacteroidetes;c__bacteroidia;o__bacteroidales;f__bacteroidaceae;g__bacteroides;s__bacteroides spp.;	bacteroidetes/chlorobi group			
OTU_102	am947938.1 rhodopseudomonas pangongensis str. ja310  	bacteria	proteobacteria	alphaproteobacteria	rhizobiales	bradyrhizobiaceae	rhodopseudomonas	rhodopseudomonas pangongensis	bacteria	Root;k__bacteria;p__proteobacteria;c__alphaproteobacteria;o__rhizobiales;f__bradyrhizobiaceae;g__rhodopseudomonas;s__rhodopseudomonas pangongensis;				
OTU_104	rhodoblastus acidophilus 	bacteria	proteobacteria	alphaproteobacteria	rhizobiales	bradyrhizobiaceae	rhodoblastus	rhodoblastus acidophilus	bacteria	Root;k__bacteria;p__proteobacteria;c__alphaproteobacteria;o__rhizobiales;f__bradyrhizobiaceae;g__rhodoblastus;s__rhodoblastus acidophilus;				
OTU_105	uncultured opitutus sp. 	bacteria	verrucomicrobia	opitutae	opitutales	opitutaceae	opitutus	opitutus spp.	bacteria	Root;k__bacteria;p__verrucomicrobia;c__opitutae;o__opitutales;f__opitutaceae;g__opitutus;s__opitutus spp.;	chlamydiae/verrucomicrobia group			
OTU_107	eu597423.1 rhodopseudomonas palustris str. rld_119  	bacteria	proteobacteria	alphaproteobacteria	rhizobiales	bradyrhizobiaceae	rhodopseudomonas	rhodopseudomonas palustris	bacteria	Root;k__bacteria;p__proteobacteria;c__alphaproteobacteria;o__rhizobiales;f__bradyrhizobiaceae;g__rhodopseudomonas;s__rhodopseudomonas palustris;				
OTU_108	uncultured opitutus sp. 	bacteria	verrucomicrobia	opitutae	opitutales	opitutaceae	opitutus	opitutus spp.	bacteria	Root;k__bacteria;p__verrucomicrobia;c__opitutae;o__opitutales;f__opitutaceae;g__opitutus;s__opitutus spp.;	chlamydiae/verrucomicrobia group			
OTU_114	cu924338.1 towards definition core microorganisms involved digestion mesophilic anaerobic digester which treats municipal wastewater sludge clone  	bacteria	proteobacteria	alphaproteobacteria	rhizobiales	methylocystaceae	pleomorphomonas	pleomorphomonas spp.	bacteria	Root;k__bacteria;p__proteobacteria;c__alphaproteobacteria;o__rhizobiales;f__methylocystaceae;g__pleomorphomonas;s__pleomorphomonas spp.;				
OTU_115	uncultured opitutus sp. 	bacteria	verrucomicrobia	opitutae	opitutales	opitutaceae	opitutus	opitutus spp.	bacteria	Root;k__bacteria;p__verrucomicrobia;c__opitutae;o__opitutales;f__opitutaceae;g__opitutus;s__opitutus spp.;	chlamydiae/verrucomicrobia group			
OTU_116	uncultured acetobacter sp. 	bacteria	proteobacteria	alphaproteobacteria	rhodospirillales	acetobacteraceae	acetobacter	acetobacter spp.	bacteria	Root;k__bacteria;p__proteobacteria;c__alphaproteobacteria;o__rhodospirillales;f__acetobacteraceae;g__acetobacter;s__acetobacter spp.;				
OTU_127	pleomorphomonas sp. r5_392 	bacteria	proteobacteria	alphaproteobacteria	rhizobiales	methylocystaceae	pleomorphomonas	pleomorphomonas sp.	bacteria	Root;k__bacteria;p__proteobacteria;c__alphaproteobacteria;o__rhizobiales;f__methylocystaceae;g__pleomorphomonas;s__pleomorphomonas sp.;				
OTU_131	nc_007925.1 rhodopseudomonas palustris str. bisb18  	bacteria	proteobacteria	alphaproteobacteria	rhizobiales	bradyrhizobiaceae	rhodopseudomonas	rhodopseudomonas palustris	bacteria	Root;k__bacteria;p__proteobacteria;c__alphaproteobacteria;o__rhizobiales;f__bradyrhizobiaceae;g__rhodopseudomonas;s__rhodopseudomonas palustris;				
OTU_134	am084007.1 acidovorax sp. str. r_24613  	bacteria	proteobacteria	betaproteobacteria	burkholderiales	comamonadaceae	acidovorax	acidovorax caeni	bacteria	Root;k__bacteria;p__proteobacteria;c__betaproteobacteria;o__burkholderiales;f__comamonadaceae;g__acidovorax;s__acidovorax caeni;				
OTU_136	rhodoblastus acidophilus 	bacteria	proteobacteria	alphaproteobacteria	rhizobiales	bradyrhizobiaceae	rhodoblastus	rhodoblastus acidophilus	bacteria	Root;k__bacteria;p__proteobacteria;c__alphaproteobacteria;o__rhizobiales;f__bradyrhizobiaceae;g__rhodoblastus;s__rhodoblastus acidophilus;				
OTU_139	uncultured enterobacter sp. 	bacteria	proteobacteria	gammaproteobacteria	enterobacteriales	enterobacteriaceae	enterobacter	enterobacter spp.	bacteria	Root;k__bacteria;p__proteobacteria;c__gammaproteobacteria;o__enterobacteriales;f__enterobacteriaceae;g__enterobacter;s__enterobacter spp.;				
OTU_140	ay297802.1 waterlogged archaeological wood clone pach82  	bacteria	proteobacteria	alphaproteobacteria	rhizobiales	methylocystaceae	pleomorphomonas	pleomorphomonas oryzae	bacteria	Root;k__bacteria;p__proteobacteria;c__alphaproteobacteria;o__rhizobiales;f__methylocystaceae;g__pleomorphomonas;s__pleomorphomonas oryzae;				
OTU_142	bradyrhizobium sp. wbos16 	bacteria	proteobacteria	alphaproteobacteria	rhizobiales	bradyrhizobiaceae	bradyrhizobium	bradyrhizobium sp.	bacteria	Root;k__bacteria;p__proteobacteria;c__alphaproteobacteria;o__rhizobiales;f__bradyrhizobiaceae;g__bradyrhizobium;s__bradyrhizobium sp.;				
OTU_144	uncultured spirochaeta sp. 	bacteria	spirochaetes	spirochaetia	spirochaetales	spirochaetaceae	spirochaeta	spirochaeta spp.	bacteria	Root;k__bacteria;p__spirochaetes;c__spirochaetia;o__spirochaetales;f__spirochaetaceae;g__spirochaeta;s__spirochaeta spp.;				
OTU_158	uncultured ancalomicrobium sp. 	bacteria	proteobacteria	alphaproteobacteria	rhizobiales	hyphomicrobiaceae	ancalomicrobium	ancalomicrobium spp.	bacteria	Root;k__bacteria;p__proteobacteria;c__alphaproteobacteria;o__rhizobiales;f__hyphomicrobiaceae;g__ancalomicrobium;s__ancalomicrobium spp.;				
OTU_164	afipia genosp. 6 	bacteria	proteobacteria	alphaproteobacteria	rhizobiales	bradyrhizobiaceae	afipia	afipia sp.	bacteria	Root;k__bacteria;p__proteobacteria;c__alphaproteobacteria;o__rhizobiales;f__bradyrhizobiaceae;g__afipia;s__afipia sp.;				
OTU_177	uncultured opitutus sp. 	bacteria	verrucomicrobia	opitutae	opitutales	opitutaceae	opitutus	opitutus spp.	bacteria	Root;k__bacteria;p__verrucomicrobia;c__opitutae;o__opitutales;f__opitutaceae;g__opitutus;s__opitutus spp.;	chlamydiae/verrucomicrobia group			
OTU_183	rhodoblastus acidophilus 	bacteria	proteobacteria	alphaproteobacteria	rhizobiales	bradyrhizobiaceae	rhodoblastus	rhodoblastus acidophilus	bacteria	Root;k__bacteria;p__proteobacteria;c__alphaproteobacteria;o__rhizobiales;f__bradyrhizobiaceae;g__rhodoblastus;s__rhodoblastus acidophilus;				
OTU_189	rhodopseudomonas sp. tut3631 	bacteria	proteobacteria	alphaproteobacteria	rhizobiales	bradyrhizobiaceae	rhodopseudomonas	rhodopseudomonas sp.	bacteria	Root;k__bacteria;p__proteobacteria;c__alphaproteobacteria;o__rhizobiales;f__bradyrhizobiaceae;g__rhodopseudomonas;s__rhodopseudomonas sp.;				
OTU_192	paludibacter propionicigenes 	bacteria	bacteroidetes	bacteroidia	bacteroidales	porphyromonadaceae	paludibacter	paludibacter propionicigenes	bacteria	Root;k__bacteria;p__bacteroidetes;c__bacteroidia;o__bacteroidales;f__porphyromonadaceae;g__paludibacter;s__paludibacter propionicigenes;	bacteroidetes/chlorobi group			
OTU_196	eu399793.1 ochrobactrum anthropi str. pv2z2  	bacteria	proteobacteria	alphaproteobacteria	rhizobiales	brucellaceae	ochrobactrum	ochrobactrum anthropi	bacteria	Root;k__bacteria;p__proteobacteria;c__alphaproteobacteria;o__rhizobiales;f__brucellaceae;g__ochrobactrum;s__ochrobactrum anthropi;				
OTU_201	uncultured pontibacter sp. 	bacteria	bacteroidetes	cytophagia	cytophagales	cytophagaceae	pontibacter	pontibacter spp.	bacteria	Root;k__bacteria;p__bacteroidetes;c__cytophagia;o__cytophagales;f__cytophagaceae;g__pontibacter;s__pontibacter spp.;	bacteroidetes/chlorobi group			
OTU_204	uncultured bacteroides sp. 	bacteria	bacteroidetes	bacteroidia	bacteroidales	bacteroidaceae	bacteroides	bacteroides spp.	bacteria	Root;k__bacteria;p__bacteroidetes;c__bacteroidia;o__bacteroidales;f__bacteroidaceae;g__bacteroides;s__bacteroides spp.;	bacteroidetes/chlorobi group			
OTU_211	pontibacter sp. swu8 	bacteria	bacteroidetes	cytophagia	cytophagales	cytophagaceae	pontibacter	pontibacter sp.	bacteria	Root;k__bacteria;p__bacteroidetes;c__cytophagia;o__cytophagales;f__cytophagaceae;g__pontibacter;s__pontibacter sp.;	bacteroidetes/chlorobi group			
OTU_213	rhodoblastus acidophilus 	bacteria	proteobacteria	alphaproteobacteria	rhizobiales	bradyrhizobiaceae	rhodoblastus	rhodoblastus acidophilus	bacteria	Root;k__bacteria;p__proteobacteria;c__alphaproteobacteria;o__rhizobiales;f__bradyrhizobiaceae;g__rhodoblastus;s__rhodoblastus acidophilus;				
OTU_215	eubacterium sp. oral clone ji012 	bacteria	firmicutes	clostridia	clostridiales	eubacteriaceae	eubacterium	eubacterium sp.	bacteria	Root;k__bacteria;p__firmicutes;c__clostridia;o__clostridiales;f__eubacteriaceae;g__eubacterium;s__eubacterium sp.;				
OTU_220	af025373.1 citrobacter werkmanii str. cdc 0876_58  	bacteria	proteobacteria	gammaproteobacteria	enterobacteriales	enterobacteriaceae	citrobacter	citrobacter werkmanii	bacteria	Root;k__bacteria;p__proteobacteria;c__gammaproteobacteria;o__enterobacteriales;f__enterobacteriaceae;g__citrobacter;s__citrobacter werkmanii;				
OTU_222	eu528231.1 seasonal dynamics mudflat mouth major kentucky lake reservoir tributary sediment clone 3.5.6  	bacteria	proteobacteria	alphaproteobacteria	rhodospirillales	rhodospirillaceae	magnetospirillum	magnetospirillum sp.	bacteria	Root;k__bacteria;p__proteobacteria;c__alphaproteobacteria;o__rhodospirillales;f__rhodospirillaceae;g__magnetospirillum;s__magnetospirillum sp.;				
OTU_223	uncultured opitutus sp. 	bacteria	verrucomicrobia	opitutae	opitutales	opitutaceae	opitutus	opitutus spp.	bacteria	Root;k__bacteria;p__verrucomicrobia;c__opitutae;o__opitutales;f__opitutaceae;g__opitutus;s__opitutus spp.;	chlamydiae/verrucomicrobia group			
OTU_224	uncultured pontibacter sp. 	bacteria	bacteroidetes	cytophagia	cytophagales	cytophagaceae	pontibacter	pontibacter spp.	bacteria	Root;k__bacteria;p__bacteroidetes;c__cytophagia;o__cytophagales;f__cytophagaceae;g__pontibacter;s__pontibacter spp.;	bacteroidetes/chlorobi group			
OTU_236	uncultured bacteroides sp. 	bacteria	bacteroidetes	bacteroidia	bacteroidales	bacteroidaceae	bacteroides	bacteroides spp.	bacteria	Root;k__bacteria;p__bacteroidetes;c__bacteroidia;o__bacteroidales;f__bacteroidaceae;g__bacteroides;s__bacteroides spp.;	bacteroidetes/chlorobi group			
OTU_245	rhodoblastus acidophilus 	bacteria	proteobacteria	alphaproteobacteria	rhizobiales	bradyrhizobiaceae	rhodoblastus	rhodoblastus acidophilus	bacteria	Root;k__bacteria;p__proteobacteria;c__alphaproteobacteria;o__rhizobiales;f__bradyrhizobiaceae;g__rhodoblastus;s__rhodoblastus acidophilus;				
OTU_247	ay297802.1 waterlogged archaeological wood clone pach82  	bacteria	proteobacteria	alphaproteobacteria	rhizobiales	methylocystaceae	pleomorphomonas	pleomorphomonas oryzae	bacteria	Root;k__bacteria;p__proteobacteria;c__alphaproteobacteria;o__rhizobiales;f__methylocystaceae;g__pleomorphomonas;s__pleomorphomonas oryzae;				
OTU_249	ay297802.1 waterlogged archaeological wood clone pach82  	bacteria	proteobacteria	alphaproteobacteria	rhizobiales	methylocystaceae	pleomorphomonas	pleomorphomonas oryzae	bacteria	Root;k__bacteria;p__proteobacteria;c__alphaproteobacteria;o__rhizobiales;f__methylocystaceae;g__pleomorphomonas;s__pleomorphomonas oryzae;				
OTU_251	uncultured cytophaga sp. 	bacteria	bacteroidetes	cytophagia	cytophagales	cytophagaceae	cytophaga	cytophaga spp.	bacteria	Root;k__bacteria;p__bacteroidetes;c__cytophagia;o__cytophagales;f__cytophagaceae;g__cytophaga;s__cytophaga spp.;	bacteroidetes/chlorobi group			
OTU_252	uncultured bacteroides sp. 	bacteria	bacteroidetes	bacteroidia	bacteroidales	bacteroidaceae	bacteroides	bacteroides spp.	bacteria	Root;k__bacteria;p__bacteroidetes;c__bacteroidia;o__bacteroidales;f__bacteroidaceae;g__bacteroides;s__bacteroides spp.;	bacteroidetes/chlorobi group			
OTU_259	ay297802.1 waterlogged archaeological wood clone pach82  	bacteria	proteobacteria	alphaproteobacteria	rhizobiales	methylocystaceae	pleomorphomonas	pleomorphomonas oryzae	bacteria	Root;k__bacteria;p__proteobacteria;c__alphaproteobacteria;o__rhizobiales;f__methylocystaceae;g__pleomorphomonas;s__pleomorphomonas oryzae;				
OTU_262	bradyrhizobium sp. enrichment culture clone mwe_n19 	bacteria	proteobacteria	alphaproteobacteria	rhizobiales	bradyrhizobiaceae	bradyrhizobium	bradyrhizobium sp.	bacteria	Root;k__bacteria;p__proteobacteria;c__alphaproteobacteria;o__rhizobiales;f__bradyrhizobiaceae;g__bradyrhizobium;s__bradyrhizobium sp.;				
OTU_263	uncultured opitutus sp. 	bacteria	verrucomicrobia	opitutae	opitutales	opitutaceae	opitutus	opitutus spp.	bacteria	Root;k__bacteria;p__verrucomicrobia;c__opitutae;o__opitutales;f__opitutaceae;g__opitutus;s__opitutus spp.;	chlamydiae/verrucomicrobia group			
OTU_267	rhizobium sp. crb31 	bacteria	proteobacteria	alphaproteobacteria	rhizobiales	rhizobiaceae	rhizobium	rhizobium sp.	bacteria	Root;k__bacteria;p__proteobacteria;c__alphaproteobacteria;o__rhizobiales;f__rhizobiaceae;g__rhizobium;s__rhizobium sp.;				
OTU_269	eu528231.1 seasonal dynamics mudflat mouth major kentucky lake reservoir tributary sediment clone 3.5.6  	bacteria	proteobacteria	alphaproteobacteria	rhodospirillales	rhodospirillaceae	magnetospirillum	magnetospirillum sp.	bacteria	Root;k__bacteria;p__proteobacteria;c__alphaproteobacteria;o__rhodospirillales;f__rhodospirillaceae;g__magnetospirillum;s__magnetospirillum sp.;				
OTU_271	pontibacter sp. swu8 	bacteria	bacteroidetes	cytophagia	cytophagales	cytophagaceae	pontibacter	pontibacter sp.	bacteria	Root;k__bacteria;p__bacteroidetes;c__cytophagia;o__cytophagales;f__cytophagaceae;g__pontibacter;s__pontibacter sp.;	bacteroidetes/chlorobi group			
OTU_274	pontibacter sp. swu8 	bacteria	bacteroidetes	cytophagia	cytophagales	cytophagaceae	pontibacter	pontibacter sp.	bacteria	Root;k__bacteria;p__bacteroidetes;c__cytophagia;o__cytophagales;f__cytophagaceae;g__pontibacter;s__pontibacter sp.;	bacteroidetes/chlorobi group			
OTU_275	eubacterium sp. oral clone ji012 	bacteria	firmicutes	clostridia	clostridiales	eubacteriaceae	eubacterium	eubacterium sp.	bacteria	Root;k__bacteria;p__firmicutes;c__clostridia;o__clostridiales;f__eubacteriaceae;g__eubacterium;s__eubacterium sp.;				
OTU_276	ay297802.1 waterlogged archaeological wood clone pach82  	bacteria	proteobacteria	alphaproteobacteria	rhizobiales	methylocystaceae	pleomorphomonas	pleomorphomonas oryzae	bacteria	Root;k__bacteria;p__proteobacteria;c__alphaproteobacteria;o__rhizobiales;f__methylocystaceae;g__pleomorphomonas;s__pleomorphomonas oryzae;				
OTU_284	uncultured escherichia sp. 	bacteria	proteobacteria	gammaproteobacteria	enterobacteriales	enterobacteriaceae	escherichia	escherichia spp.	bacteria	Root;k__bacteria;p__proteobacteria;c__gammaproteobacteria;o__enterobacteriales;f__enterobacteriaceae;g__escherichia;s__escherichia spp.;				
OTU_285	ay654810.1 oculina mucus isolate 76  	bacteria	proteobacteria	alphaproteobacteria	rhodospirillales	rhodospirillaceae	inquilinus	inquilinus spp.	bacteria	Root;k__bacteria;p__proteobacteria;c__alphaproteobacteria;o__rhodospirillales;f__rhodospirillaceae;g__inquilinus;s__inquilinus spp.;				
OTU_297	ay297802.1 waterlogged archaeological wood clone pach82  	bacteria	proteobacteria	alphaproteobacteria	rhizobiales	methylocystaceae	pleomorphomonas	pleomorphomonas oryzae	bacteria	Root;k__bacteria;p__proteobacteria;c__alphaproteobacteria;o__rhizobiales;f__methylocystaceae;g__pleomorphomonas;s__pleomorphomonas oryzae;				
OTU_298	ab079634.1 rhodopseudomonas palustris va2_2  	bacteria	proteobacteria	alphaproteobacteria	rhizobiales	bradyrhizobiaceae	rhodopseudomonas	rhodopseudomonas palustris	bacteria	Root;k__bacteria;p__proteobacteria;c__alphaproteobacteria;o__rhizobiales;f__bradyrhizobiaceae;g__rhodopseudomonas;s__rhodopseudomonas palustris;				
OTU_300	uncultured bacteroides sp. 	bacteria	bacteroidetes	bacteroidia	bacteroidales	bacteroidaceae	bacteroides	bacteroides spp.	bacteria	Root;k__bacteria;p__bacteroidetes;c__bacteroidia;o__bacteroidales;f__bacteroidaceae;g__bacteroides;s__bacteroides spp.;	bacteroidetes/chlorobi group			
OTU_314	uncultured opitutus sp. 	bacteria	verrucomicrobia	opitutae	opitutales	opitutaceae	opitutus	opitutus spp.	bacteria	Root;k__bacteria;p__verrucomicrobia;c__opitutae;o__opitutales;f__opitutaceae;g__opitutus;s__opitutus spp.;	chlamydiae/verrucomicrobia group			
OTU_315	eu528231.1 seasonal dynamics mudflat mouth major kentucky lake reservoir tributary sediment clone 3.5.6  	bacteria	proteobacteria	alphaproteobacteria	rhodospirillales	rhodospirillaceae	magnetospirillum	magnetospirillum sp.	bacteria	Root;k__bacteria;p__proteobacteria;c__alphaproteobacteria;o__rhodospirillales;f__rhodospirillaceae;g__magnetospirillum;s__magnetospirillum sp.;				
OTU_319	uncultured citrobacter sp. 	bacteria	proteobacteria	gammaproteobacteria	enterobacteriales	enterobacteriaceae	citrobacter	citrobacter spp.	bacteria	Root;k__bacteria;p__proteobacteria;c__gammaproteobacteria;o__enterobacteriales;f__enterobacteriaceae;g__citrobacter;s__citrobacter spp.;				
OTU_321	escherichia vulneris 	bacteria	proteobacteria	gammaproteobacteria	enterobacteriales	enterobacteriaceae	escherichia	escherichia vulneris	bacteria	Root;k__bacteria;p__proteobacteria;c__gammaproteobacteria;o__enterobacteriales;f__enterobacteriaceae;g__escherichia;s__escherichia vulneris;				
OTU_330	uncultured enterobacter sp. 	bacteria	proteobacteria	gammaproteobacteria	enterobacteriales	enterobacteriaceae	enterobacter	enterobacter spp.	bacteria	Root;k__bacteria;p__proteobacteria;c__gammaproteobacteria;o__enterobacteriales;f__enterobacteriaceae;g__enterobacter;s__enterobacter spp.;				
OTU_335	rhodoblastus acidophilus 	bacteria	proteobacteria	alphaproteobacteria	rhizobiales	bradyrhizobiaceae	rhodoblastus	rhodoblastus acidophilus	bacteria	Root;k__bacteria;p__proteobacteria;c__alphaproteobacteria;o__rhizobiales;f__bradyrhizobiaceae;g__rhodoblastus;s__rhodoblastus acidophilus;				
OTU_339	uncultured rhodopseudomonas sp. 	bacteria	proteobacteria	alphaproteobacteria	rhizobiales	bradyrhizobiaceae	rhodopseudomonas	rhodopseudomonas spp.	bacteria	Root;k__bacteria;p__proteobacteria;c__alphaproteobacteria;o__rhizobiales;f__bradyrhizobiaceae;g__rhodopseudomonas;s__rhodopseudomonas spp.;				
OTU_346	uncultured opitutus sp. 	bacteria	verrucomicrobia	opitutae	opitutales	opitutaceae	opitutus	opitutus spp.	bacteria	Root;k__bacteria;p__verrucomicrobia;c__opitutae;o__opitutales;f__opitutaceae;g__opitutus;s__opitutus spp.;	chlamydiae/verrucomicrobia group			
OTU_348	enterobacter sp. gntew_13_11 	bacteria	proteobacteria	gammaproteobacteria	enterobacteriales	enterobacteriaceae	enterobacter	enterobacter sp.	bacteria	Root;k__bacteria;p__proteobacteria;c__gammaproteobacteria;o__enterobacteriales;f__enterobacteriaceae;g__enterobacter;s__enterobacter sp.;				
OTU_352	uncultured opitutus sp. 	bacteria	verrucomicrobia	opitutae	opitutales	opitutaceae	opitutus	opitutus spp.	bacteria	Root;k__bacteria;p__verrucomicrobia;c__opitutae;o__opitutales;f__opitutaceae;g__opitutus;s__opitutus spp.;	chlamydiae/verrucomicrobia group			
OTU_356	uncultured bacteroides sp. 	bacteria	bacteroidetes	bacteroidia	bacteroidales	bacteroidaceae	bacteroides	bacteroides spp.	bacteria	Root;k__bacteria;p__bacteroidetes;c__bacteroidia;o__bacteroidales;f__bacteroidaceae;g__bacteroides;s__bacteroides spp.;	bacteroidetes/chlorobi group			
OTU_361	ay297802.1 waterlogged archaeological wood clone pach82  	bacteria	proteobacteria	alphaproteobacteria	rhizobiales	methylocystaceae	pleomorphomonas	pleomorphomonas oryzae	bacteria	Root;k__bacteria;p__proteobacteria;c__alphaproteobacteria;o__rhizobiales;f__methylocystaceae;g__pleomorphomonas;s__pleomorphomonas oryzae;				
OTU_363	uncultured rhodopseudomonas sp. 	bacteria	proteobacteria	alphaproteobacteria	rhizobiales	bradyrhizobiaceae	rhodopseudomonas	rhodopseudomonas spp.	bacteria	Root;k__bacteria;p__proteobacteria;c__alphaproteobacteria;o__rhizobiales;f__bradyrhizobiaceae;g__rhodopseudomonas;s__rhodopseudomonas spp.;				
OTU_364	uncultured acetobacter sp. 	bacteria	proteobacteria	alphaproteobacteria	rhodospirillales	acetobacteraceae	acetobacter	acetobacter spp.	bacteria	Root;k__bacteria;p__proteobacteria;c__alphaproteobacteria;o__rhodospirillales;f__acetobacteraceae;g__acetobacter;s__acetobacter spp.;				
OTU_368	uncultured citrobacter sp. 	bacteria	proteobacteria	gammaproteobacteria	enterobacteriales	enterobacteriaceae	citrobacter	citrobacter spp.	bacteria	Root;k__bacteria;p__proteobacteria;c__gammaproteobacteria;o__enterobacteriales;f__enterobacteriaceae;g__citrobacter;s__citrobacter spp.;				
OTU_370	rhodoblastus acidophilus 	bacteria	proteobacteria	alphaproteobacteria	rhizobiales	bradyrhizobiaceae	rhodoblastus	rhodoblastus acidophilus	bacteria	Root;k__bacteria;p__proteobacteria;c__alphaproteobacteria;o__rhizobiales;f__bradyrhizobiaceae;g__rhodoblastus;s__rhodoblastus acidophilus;				
OTU_382	uncultured pleomorphomonas sp. 	bacteria	proteobacteria	alphaproteobacteria	rhizobiales	methylocystaceae	pleomorphomonas	pleomorphomonas spp.	bacteria	Root;k__bacteria;p__proteobacteria;c__alphaproteobacteria;o__rhizobiales;f__methylocystaceae;g__pleomorphomonas;s__pleomorphomonas spp.;				
OTU_383	ay297802.1 waterlogged archaeological wood clone pach82  	bacteria	proteobacteria	alphaproteobacteria	rhizobiales	methylocystaceae	pleomorphomonas	pleomorphomonas oryzae	bacteria	Root;k__bacteria;p__proteobacteria;c__alphaproteobacteria;o__rhizobiales;f__methylocystaceae;g__pleomorphomonas;s__pleomorphomonas oryzae;				
OTU_393	ay297802.1 waterlogged archaeological wood clone pach82  	bacteria	proteobacteria	alphaproteobacteria	rhizobiales	methylocystaceae	pleomorphomonas	pleomorphomonas oryzae	bacteria	Root;k__bacteria;p__proteobacteria;c__alphaproteobacteria;o__rhizobiales;f__methylocystaceae;g__pleomorphomonas;s__pleomorphomonas oryzae;				
OTU_403	am947938.1 rhodopseudomonas pangongensis str. ja310  	bacteria	proteobacteria	alphaproteobacteria	rhizobiales	bradyrhizobiaceae	rhodopseudomonas	rhodopseudomonas pangongensis	bacteria	Root;k__bacteria;p__proteobacteria;c__alphaproteobacteria;o__rhizobiales;f__bradyrhizobiaceae;g__rhodopseudomonas;s__rhodopseudomonas pangongensis;				
OTU_409	uncultured opitutus sp. 	bacteria	verrucomicrobia	opitutae	opitutales	opitutaceae	opitutus	opitutus spp.	bacteria	Root;k__bacteria;p__verrucomicrobia;c__opitutae;o__opitutales;f__opitutaceae;g__opitutus;s__opitutus spp.;	chlamydiae/verrucomicrobia group			
OTU_415	rhodoblastus acidophilus 	bacteria	proteobacteria	alphaproteobacteria	rhizobiales	bradyrhizobiaceae	rhodoblastus	rhodoblastus acidophilus	bacteria	Root;k__bacteria;p__proteobacteria;c__alphaproteobacteria;o__rhizobiales;f__bradyrhizobiaceae;g__rhodoblastus;s__rhodoblastus acidophilus;				
OTU_417	rhodoblastus acidophilus 	bacteria	proteobacteria	alphaproteobacteria	rhizobiales	bradyrhizobiaceae	rhodoblastus	rhodoblastus acidophilus	bacteria	Root;k__bacteria;p__proteobacteria;c__alphaproteobacteria;o__rhizobiales;f__bradyrhizobiaceae;g__rhodoblastus;s__rhodoblastus acidophilus;				
OTU_421	cu924338.1 towards definition core microorganisms involved digestion mesophilic anaerobic digester which treats municipal wastewater sludge clone  	bacteria	proteobacteria	alphaproteobacteria	rhizobiales	methylocystaceae	pleomorphomonas	pleomorphomonas spp.	bacteria	Root;k__bacteria;p__proteobacteria;c__alphaproteobacteria;o__rhizobiales;f__methylocystaceae;g__pleomorphomonas;s__pleomorphomonas spp.;				
OTU_429	rhodoblastus acidophilus 	bacteria	proteobacteria	alphaproteobacteria	rhizobiales	bradyrhizobiaceae	rhodoblastus	rhodoblastus acidophilus	bacteria	Root;k__bacteria;p__proteobacteria;c__alphaproteobacteria;o__rhizobiales;f__bradyrhizobiaceae;g__rhodoblastus;s__rhodoblastus acidophilus;				
OTU_431	uncultured opitutus sp. 	bacteria	verrucomicrobia	opitutae	opitutales	opitutaceae	opitutus	opitutus spp.	bacteria	Root;k__bacteria;p__verrucomicrobia;c__opitutae;o__opitutales;f__opitutaceae;g__opitutus;s__opitutus spp.;	chlamydiae/verrucomicrobia group			
OTU_437	rhodopseudomonas palustris 	bacteria	proteobacteria	alphaproteobacteria	rhizobiales	bradyrhizobiaceae	rhodopseudomonas	rhodopseudomonas palustris	bacteria	Root;k__bacteria;p__proteobacteria;c__alphaproteobacteria;o__rhizobiales;f__bradyrhizobiaceae;g__rhodopseudomonas;s__rhodopseudomonas palustris;				
OTU_444	eu528231.1 seasonal dynamics mudflat mouth major kentucky lake reservoir tributary sediment clone 3.5.6  	bacteria	proteobacteria	alphaproteobacteria	rhodospirillales	rhodospirillaceae	magnetospirillum	magnetospirillum sp.	bacteria	Root;k__bacteria;p__proteobacteria;c__alphaproteobacteria;o__rhodospirillales;f__rhodospirillaceae;g__magnetospirillum;s__magnetospirillum sp.;				
OTU_446	uncultured bacteroides sp. 	bacteria	bacteroidetes	bacteroidia	bacteroidales	bacteroidaceae	bacteroides	bacteroides spp.	bacteria	Root;k__bacteria;p__bacteroidetes;c__bacteroidia;o__bacteroidales;f__bacteroidaceae;g__bacteroides;s__bacteroides spp.;	bacteroidetes/chlorobi group			
OTU_448	eu528231.1 seasonal dynamics mudflat mouth major kentucky lake reservoir tributary sediment clone 3.5.6  	bacteria	proteobacteria	alphaproteobacteria	rhodospirillales	rhodospirillaceae	magnetospirillum	magnetospirillum sp.	bacteria	Root;k__bacteria;p__proteobacteria;c__alphaproteobacteria;o__rhodospirillales;f__rhodospirillaceae;g__magnetospirillum;s__magnetospirillum sp.;				
OTU_451	afipia genosp. 6 	bacteria	proteobacteria	alphaproteobacteria	rhizobiales	bradyrhizobiaceae	afipia	afipia sp.	bacteria	Root;k__bacteria;p__proteobacteria;c__alphaproteobacteria;o__rhizobiales;f__bradyrhizobiaceae;g__afipia;s__afipia sp.;				
OTU_453	uncultured opitutus sp. 	bacteria	verrucomicrobia	opitutae	opitutales	opitutaceae	opitutus	opitutus spp.	bacteria	Root;k__bacteria;p__verrucomicrobia;c__opitutae;o__opitutales;f__opitutaceae;g__opitutus;s__opitutus spp.;	chlamydiae/verrucomicrobia group			
OTU_455	af025373.1 citrobacter werkmanii str. cdc 0876_58  	bacteria	proteobacteria	gammaproteobacteria	enterobacteriales	enterobacteriaceae	citrobacter	citrobacter werkmanii	bacteria	Root;k__bacteria;p__proteobacteria;c__gammaproteobacteria;o__enterobacteriales;f__enterobacteriaceae;g__citrobacter;s__citrobacter werkmanii;				
OTU_457	uncultured pontibacter sp. 	bacteria	bacteroidetes	cytophagia	cytophagales	cytophagaceae	pontibacter	pontibacter spp.	bacteria	Root;k__bacteria;p__bacteroidetes;c__cytophagia;o__cytophagales;f__cytophagaceae;g__pontibacter;s__pontibacter spp.;	bacteroidetes/chlorobi group			
OTU_460	uncultured opitutus sp. 	bacteria	verrucomicrobia	opitutae	opitutales	opitutaceae	opitutus	opitutus spp.	bacteria	Root;k__bacteria;p__verrucomicrobia;c__opitutae;o__opitutales;f__opitutaceae;g__opitutus;s__opitutus spp.;	chlamydiae/verrucomicrobia group			
OTU_464	cu924338.1 towards definition core microorganisms involved digestion mesophilic anaerobic digester which treats municipal wastewater sludge clone  	bacteria	proteobacteria	alphaproteobacteria	rhizobiales	methylocystaceae	pleomorphomonas	pleomorphomonas spp.	bacteria	Root;k__bacteria;p__proteobacteria;c__alphaproteobacteria;o__rhizobiales;f__methylocystaceae;g__pleomorphomonas;s__pleomorphomonas spp.;				
OTU_467	eu528231.1 seasonal dynamics mudflat mouth major kentucky lake reservoir tributary sediment clone 3.5.6  	bacteria	proteobacteria	alphaproteobacteria	rhodospirillales	rhodospirillaceae	magnetospirillum	magnetospirillum sp.	bacteria	Root;k__bacteria;p__proteobacteria;c__alphaproteobacteria;o__rhodospirillales;f__rhodospirillaceae;g__magnetospirillum;s__magnetospirillum sp.;				
OTU_468	uncultured acetobacter sp. 	bacteria	proteobacteria	alphaproteobacteria	rhodospirillales	acetobacteraceae	acetobacter	acetobacter spp.	bacteria	Root;k__bacteria;p__proteobacteria;c__alphaproteobacteria;o__rhodospirillales;f__acetobacteraceae;g__acetobacter;s__acetobacter spp.;				
OTU_471	ab079679.1 rhodopseudomonas sp. hmd89  	bacteria	proteobacteria	alphaproteobacteria	rhizobiales	bradyrhizobiaceae	afipia	afipia sp.	bacteria	Root;k__bacteria;p__proteobacteria;c__alphaproteobacteria;o__rhizobiales;f__bradyrhizobiaceae;g__afipia;s__afipia sp.;				
OTU_474	uncultured bacteroides sp. 	bacteria	bacteroidetes	bacteroidia	bacteroidales	bacteroidaceae	bacteroides	bacteroides spp.	bacteria	Root;k__bacteria;p__bacteroidetes;c__bacteroidia;o__bacteroidales;f__bacteroidaceae;g__bacteroides;s__bacteroides spp.;	bacteroidetes/chlorobi group			
OTU_477	uncultured opitutus sp. 	bacteria	verrucomicrobia	opitutae	opitutales	opitutaceae	opitutus	opitutus spp.	bacteria	Root;k__bacteria;p__verrucomicrobia;c__opitutae;o__opitutales;f__opitutaceae;g__opitutus;s__opitutus spp.;	chlamydiae/verrucomicrobia group			
OTU_480	paludibacter propionicigenes 	bacteria	bacteroidetes	bacteroidia	bacteroidales	porphyromonadaceae	paludibacter	paludibacter propionicigenes	bacteria	Root;k__bacteria;p__bacteroidetes;c__bacteroidia;o__bacteroidales;f__porphyromonadaceae;g__paludibacter;s__paludibacter propionicigenes;	bacteroidetes/chlorobi group			
OTU_484	uncultured opitutus sp. 	bacteria	verrucomicrobia	opitutae	opitutales	opitutaceae	opitutus	opitutus spp.	bacteria	Root;k__bacteria;p__verrucomicrobia;c__opitutae;o__opitutales;f__opitutaceae;g__opitutus;s__opitutus spp.;	chlamydiae/verrucomicrobia group			
OTU_488	barnesiella viscericola dsm 18177 	bacteria	bacteroidetes	bacteroidia	bacteroidales	porphyromonadaceae	barnesiella	barnesiella viscericola	bacteria	Root;k__bacteria;p__bacteroidetes;c__bacteroidia;o__bacteroidales;f__porphyromonadaceae;g__barnesiella;s__barnesiella viscericola;	bacteroidetes/chlorobi group			
OTU_491	opitutus sp. enrichment culture clone lt_b7 	bacteria	verrucomicrobia	opitutae	opitutales	opitutaceae	opitutus	opitutus sp.	bacteria	Root;k__bacteria;p__verrucomicrobia;c__opitutae;o__opitutales;f__opitutaceae;g__opitutus;s__opitutus sp.;	chlamydiae/verrucomicrobia group			
OTU_494	uncultured ancalomicrobium sp. 	bacteria	proteobacteria	alphaproteobacteria	rhizobiales	hyphomicrobiaceae	ancalomicrobium	ancalomicrobium spp.	bacteria	Root;k__bacteria;p__proteobacteria;c__alphaproteobacteria;o__rhizobiales;f__hyphomicrobiaceae;g__ancalomicrobium;s__ancalomicrobium spp.;				
OTU_495	uncultured opitutus sp. 	bacteria	verrucomicrobia	opitutae	opitutales	opitutaceae	opitutus	opitutus spp.	bacteria	Root;k__bacteria;p__verrucomicrobia;c__opitutae;o__opitutales;f__opitutaceae;g__opitutus;s__opitutus spp.;	chlamydiae/verrucomicrobia group			
OTU_500	uncultured pontibacter sp. 	bacteria	bacteroidetes	cytophagia	cytophagales	cytophagaceae	pontibacter	pontibacter spp.	bacteria	Root;k__bacteria;p__bacteroidetes;c__cytophagia;o__cytophagales;f__cytophagaceae;g__pontibacter;s__pontibacter spp.;	bacteroidetes/chlorobi group			
OTU_506	uncultured pontibacter sp. 	bacteria	bacteroidetes	cytophagia	cytophagales	cytophagaceae	pontibacter	pontibacter spp.	bacteria	Root;k__bacteria;p__bacteroidetes;c__cytophagia;o__cytophagales;f__cytophagaceae;g__pontibacter;s__pontibacter spp.;	bacteroidetes/chlorobi group			
OTU_518	ab079679.1 rhodopseudomonas sp. hmd89  	bacteria	proteobacteria	alphaproteobacteria	rhizobiales	bradyrhizobiaceae	afipia	afipia sp.	bacteria	Root;k__bacteria;p__proteobacteria;c__alphaproteobacteria;o__rhizobiales;f__bradyrhizobiaceae;g__afipia;s__afipia sp.;				
OTU_521	eubacterium sp. oral clone ji012 	bacteria	firmicutes	clostridia	clostridiales	eubacteriaceae	eubacterium	eubacterium sp.	bacteria	Root;k__bacteria;p__firmicutes;c__clostridia;o__clostridiales;f__eubacteriaceae;g__eubacterium;s__eubacterium sp.;				
OTU_522	uncultured acetobacter sp. 	bacteria	proteobacteria	alphaproteobacteria	rhodospirillales	acetobacteraceae	acetobacter	acetobacter spp.	bacteria	Root;k__bacteria;p__proteobacteria;c__alphaproteobacteria;o__rhodospirillales;f__acetobacteraceae;g__acetobacter;s__acetobacter spp.;				
OTU_530	eu528231.1 seasonal dynamics mudflat mouth major kentucky lake reservoir tributary sediment clone 3.5.6  	bacteria	proteobacteria	alphaproteobacteria	rhodospirillales	rhodospirillaceae	magnetospirillum	magnetospirillum sp.	bacteria	Root;k__bacteria;p__proteobacteria;c__alphaproteobacteria;o__rhodospirillales;f__rhodospirillaceae;g__magnetospirillum;s__magnetospirillum sp.;				
OTU_536	brevundimonas sp. c1403 	bacteria	proteobacteria	alphaproteobacteria	caulobacterales	caulobacteraceae	brevundimonas	brevundimonas sp.	bacteria	Root;k__bacteria;p__proteobacteria;c__alphaproteobacteria;o__caulobacterales;f__caulobacteraceae;g__brevundimonas;s__brevundimonas sp.;				
OTU_537	ay297802.1 waterlogged archaeological wood clone pach82  	bacteria	proteobacteria	alphaproteobacteria	rhizobiales	methylocystaceae	pleomorphomonas	pleomorphomonas oryzae	bacteria	Root;k__bacteria;p__proteobacteria;c__alphaproteobacteria;o__rhizobiales;f__methylocystaceae;g__pleomorphomonas;s__pleomorphomonas oryzae;				
OTU_540	uncultured opitutus sp. 	bacteria	verrucomicrobia	opitutae	opitutales	opitutaceae	opitutus	opitutus spp.	bacteria	Root;k__bacteria;p__verrucomicrobia;c__opitutae;o__opitutales;f__opitutaceae;g__opitutus;s__opitutus spp.;	chlamydiae/verrucomicrobia group			
OTU_542	ab079679.1 rhodopseudomonas sp. hmd89  	bacteria	proteobacteria	alphaproteobacteria	rhizobiales	bradyrhizobiaceae	afipia	afipia sp.	bacteria	Root;k__bacteria;p__proteobacteria;c__alphaproteobacteria;o__rhizobiales;f__bradyrhizobiaceae;g__afipia;s__afipia sp.;				
OTU_543	uncultured beijerinckia sp. 	bacteria	proteobacteria	alphaproteobacteria	rhizobiales	beijerinckiaceae	beijerinckia	beijerinckia spp.	bacteria	Root;k__bacteria;p__proteobacteria;c__alphaproteobacteria;o__rhizobiales;f__beijerinckiaceae;g__beijerinckia;s__beijerinckia spp.;				
OTU_548	ay297802.1 waterlogged archaeological wood clone pach82  	bacteria	proteobacteria	alphaproteobacteria	rhizobiales	methylocystaceae	pleomorphomonas	pleomorphomonas oryzae	bacteria	Root;k__bacteria;p__proteobacteria;c__alphaproteobacteria;o__rhizobiales;f__methylocystaceae;g__pleomorphomonas;s__pleomorphomonas oryzae;				
OTU_549	uncultured pontibacter sp. 	bacteria	bacteroidetes	cytophagia	cytophagales	cytophagaceae	pontibacter	pontibacter spp.	bacteria	Root;k__bacteria;p__bacteroidetes;c__cytophagia;o__cytophagales;f__cytophagaceae;g__pontibacter;s__pontibacter spp.;	bacteroidetes/chlorobi group			
OTU_556	uncultured pontibacter sp. 	bacteria	bacteroidetes	cytophagia	cytophagales	cytophagaceae	pontibacter	pontibacter spp.	bacteria	Root;k__bacteria;p__bacteroidetes;c__cytophagia;o__cytophagales;f__cytophagaceae;g__pontibacter;s__pontibacter spp.;	bacteroidetes/chlorobi group			
OTU_559	aj229247.1 anoxic bulk soil flooded rice microcosm isolate str. kcb90  	bacteria	proteobacteria	alphaproteobacteria	rhizobiales	methylocystaceae	pleomorphomonas	pleomorphomonas oryzae	bacteria	Root;k__bacteria;p__proteobacteria;c__alphaproteobacteria;o__rhizobiales;f__methylocystaceae;g__pleomorphomonas;s__pleomorphomonas oryzae;				
OTU_562	eu528231.1 seasonal dynamics mudflat mouth major kentucky lake reservoir tributary sediment clone 3.5.6  	bacteria	proteobacteria	alphaproteobacteria	rhodospirillales	rhodospirillaceae	magnetospirillum	magnetospirillum sp.	bacteria	Root;k__bacteria;p__proteobacteria;c__alphaproteobacteria;o__rhodospirillales;f__rhodospirillaceae;g__magnetospirillum;s__magnetospirillum sp.;				
OTU_563	ay297802.1 waterlogged archaeological wood clone pach82  	bacteria	proteobacteria	alphaproteobacteria	rhizobiales	methylocystaceae	pleomorphomonas	pleomorphomonas oryzae	bacteria	Root;k__bacteria;p__proteobacteria;c__alphaproteobacteria;o__rhizobiales;f__methylocystaceae;g__pleomorphomonas;s__pleomorphomonas oryzae;				
OTU_565	uncultured opitutus sp. 	bacteria	verrucomicrobia	opitutae	opitutales	opitutaceae	opitutus	opitutus spp.	bacteria	Root;k__bacteria;p__verrucomicrobia;c__opitutae;o__opitutales;f__opitutaceae;g__opitutus;s__opitutus spp.;	chlamydiae/verrucomicrobia group			
OTU_567	ay297802.1 waterlogged archaeological wood clone pach82  	bacteria	proteobacteria	alphaproteobacteria	rhizobiales	methylocystaceae	pleomorphomonas	pleomorphomonas oryzae	bacteria	Root;k__bacteria;p__proteobacteria;c__alphaproteobacteria;o__rhizobiales;f__methylocystaceae;g__pleomorphomonas;s__pleomorphomonas oryzae;				
OTU_569	uncultured caulobacter sp. 	bacteria	proteobacteria	alphaproteobacteria	caulobacterales	caulobacteraceae	caulobacter	caulobacter spp.	bacteria	Root;k__bacteria;p__proteobacteria;c__alphaproteobacteria;o__caulobacterales;f__caulobacteraceae;g__caulobacter;s__caulobacter spp.;				
OTU_583	eu528231.1 seasonal dynamics mudflat mouth major kentucky lake reservoir tributary sediment clone 3.5.6  	bacteria	proteobacteria	alphaproteobacteria	rhodospirillales	rhodospirillaceae	magnetospirillum	magnetospirillum sp.	bacteria	Root;k__bacteria;p__proteobacteria;c__alphaproteobacteria;o__rhodospirillales;f__rhodospirillaceae;g__magnetospirillum;s__magnetospirillum sp.;				
OTU_584	uncultured bacteroides sp. 	bacteria	bacteroidetes	bacteroidia	bacteroidales	bacteroidaceae	bacteroides	bacteroides spp.	bacteria	Root;k__bacteria;p__bacteroidetes;c__bacteroidia;o__bacteroidales;f__bacteroidaceae;g__bacteroides;s__bacteroides spp.;	bacteroidetes/chlorobi group			
OTU_585	ab079634.1 rhodopseudomonas palustris va2_2  	bacteria	proteobacteria	alphaproteobacteria	rhizobiales	bradyrhizobiaceae	rhodopseudomonas	rhodopseudomonas palustris	bacteria	Root;k__bacteria;p__proteobacteria;c__alphaproteobacteria;o__rhizobiales;f__bradyrhizobiaceae;g__rhodopseudomonas;s__rhodopseudomonas palustris;				
OTU_589	ab087719.1 rhodopseudomonas rhenobacensis str. klemme rb  	bacteria	proteobacteria	alphaproteobacteria	rhizobiales	bradyrhizobiaceae	rhodopseudomonas	rhodopseudomonas rhenobacensis	bacteria	Root;k__bacteria;p__proteobacteria;c__alphaproteobacteria;o__rhizobiales;f__bradyrhizobiaceae;g__rhodopseudomonas;s__rhodopseudomonas rhenobacensis;				
OTU_591	uncultured opitutus sp. 	bacteria	verrucomicrobia	opitutae	opitutales	opitutaceae	opitutus	opitutus spp.	bacteria	Root;k__bacteria;p__verrucomicrobia;c__opitutae;o__opitutales;f__opitutaceae;g__opitutus;s__opitutus spp.;	chlamydiae/verrucomicrobia group			
OTU_594	uncultured brevundimonas sp. 	bacteria	proteobacteria	alphaproteobacteria	caulobacterales	caulobacteraceae	brevundimonas	brevundimonas spp.	bacteria	Root;k__bacteria;p__proteobacteria;c__alphaproteobacteria;o__caulobacterales;f__caulobacteraceae;g__brevundimonas;s__brevundimonas spp.;				
OTU_595	uncultured bradyrhizobium sp. 	bacteria	proteobacteria	alphaproteobacteria	rhizobiales	bradyrhizobiaceae	bradyrhizobium	bradyrhizobium spp.	bacteria	Root;k__bacteria;p__proteobacteria;c__alphaproteobacteria;o__rhizobiales;f__bradyrhizobiaceae;g__bradyrhizobium;s__bradyrhizobium spp.;				
OTU_597	rhodoblastus acidophilus 	bacteria	proteobacteria	alphaproteobacteria	rhizobiales	bradyrhizobiaceae	rhodoblastus	rhodoblastus acidophilus	bacteria	Root;k__bacteria;p__proteobacteria;c__alphaproteobacteria;o__rhizobiales;f__bradyrhizobiaceae;g__rhodoblastus;s__rhodoblastus acidophilus;				
OTU_600	rhodoblastus acidophilus 	bacteria	proteobacteria	alphaproteobacteria	rhizobiales	bradyrhizobiaceae	rhodoblastus	rhodoblastus acidophilus	bacteria	Root;k__bacteria;p__proteobacteria;c__alphaproteobacteria;o__rhizobiales;f__bradyrhizobiaceae;g__rhodoblastus;s__rhodoblastus acidophilus;				
OTU_604	cp000463.1 rhodopseudomonas palustris str. bisa53  	bacteria	proteobacteria	alphaproteobacteria	rhizobiales	bradyrhizobiaceae	rhodopseudomonas	rhodopseudomonas palustris	bacteria	Root;k__bacteria;p__proteobacteria;c__alphaproteobacteria;o__rhizobiales;f__bradyrhizobiaceae;g__rhodopseudomonas;s__rhodopseudomonas palustris;				
OTU_608	eu528231.1 seasonal dynamics mudflat mouth major kentucky lake reservoir tributary sediment clone 3.5.6  	bacteria	proteobacteria	alphaproteobacteria	rhodospirillales	rhodospirillaceae	magnetospirillum	magnetospirillum sp.	bacteria	Root;k__bacteria;p__proteobacteria;c__alphaproteobacteria;o__rhodospirillales;f__rhodospirillaceae;g__magnetospirillum;s__magnetospirillum sp.;				
OTU_610	uncultured opitutus sp. 	bacteria	verrucomicrobia	opitutae	opitutales	opitutaceae	opitutus	opitutus spp.	bacteria	Root;k__bacteria;p__verrucomicrobia;c__opitutae;o__opitutales;f__opitutaceae;g__opitutus;s__opitutus spp.;	chlamydiae/verrucomicrobia group			
OTU_611	uncultured opitutus sp. 	bacteria	verrucomicrobia	opitutae	opitutales	opitutaceae	opitutus	opitutus spp.	bacteria	Root;k__bacteria;p__verrucomicrobia;c__opitutae;o__opitutales;f__opitutaceae;g__opitutus;s__opitutus spp.;	chlamydiae/verrucomicrobia group			
OTU_615	rhodoblastus acidophilus 	bacteria	proteobacteria	alphaproteobacteria	rhizobiales	bradyrhizobiaceae	rhodoblastus	rhodoblastus acidophilus	bacteria	Root;k__bacteria;p__proteobacteria;c__alphaproteobacteria;o__rhizobiales;f__bradyrhizobiaceae;g__rhodoblastus;s__rhodoblastus acidophilus;				
OTU_620	ab079679.1 rhodopseudomonas sp. hmd89  	bacteria	proteobacteria	alphaproteobacteria	rhizobiales	bradyrhizobiaceae	afipia	afipia sp.	bacteria	Root;k__bacteria;p__proteobacteria;c__alphaproteobacteria;o__rhizobiales;f__bradyrhizobiaceae;g__afipia;s__afipia sp.;				
OTU_621	uncultured citrobacter sp. 	bacteria	proteobacteria	gammaproteobacteria	enterobacteriales	enterobacteriaceae	citrobacter	citrobacter spp.	bacteria	Root;k__bacteria;p__proteobacteria;c__gammaproteobacteria;o__enterobacteriales;f__enterobacteriaceae;g__citrobacter;s__citrobacter spp.;				
OTU_633	uncultured bacteroides sp. 	bacteria	bacteroidetes	bacteroidia	bacteroidales	bacteroidaceae	bacteroides	bacteroides spp.	bacteria	Root;k__bacteria;p__bacteroidetes;c__bacteroidia;o__bacteroidales;f__bacteroidaceae;g__bacteroides;s__bacteroides spp.;	bacteroidetes/chlorobi group			
OTU_634	uncultured bacteroides sp. 	bacteria	bacteroidetes	bacteroidia	bacteroidales	bacteroidaceae	bacteroides	bacteroides spp.	bacteria	Root;k__bacteria;p__bacteroidetes;c__bacteroidia;o__bacteroidales;f__bacteroidaceae;g__bacteroides;s__bacteroides spp.;	bacteroidetes/chlorobi group			
OTU_636	eu528231.1 seasonal dynamics mudflat mouth major kentucky lake reservoir tributary sediment clone 3.5.6  	bacteria	proteobacteria	alphaproteobacteria	rhodospirillales	rhodospirillaceae	magnetospirillum	magnetospirillum sp.	bacteria	Root;k__bacteria;p__proteobacteria;c__alphaproteobacteria;o__rhodospirillales;f__rhodospirillaceae;g__magnetospirillum;s__magnetospirillum sp.;				
OTU_640	ab079679.1 rhodopseudomonas sp. hmd89  	bacteria	proteobacteria	alphaproteobacteria	rhizobiales	bradyrhizobiaceae	afipia	afipia sp.	bacteria	Root;k__bacteria;p__proteobacteria;c__alphaproteobacteria;o__rhizobiales;f__bradyrhizobiaceae;g__afipia;s__afipia sp.;				
OTU_641	ay297803.1 waterlogged archaeological wood clone pach83  	bacteria	proteobacteria	alphaproteobacteria	rhizobiales	methylocystaceae	pleomorphomonas	pleomorphomonas oryzae	bacteria	Root;k__bacteria;p__proteobacteria;c__alphaproteobacteria;o__rhizobiales;f__methylocystaceae;g__pleomorphomonas;s__pleomorphomonas oryzae;				
