,OTU,aldex2_diff.btw,aldex2_diff.win,aldex2_effect,aldex2_wi.ep,aldex2_wi.eBH,kingdom,phylum,class,order,family,genus,species,aldex2_positive,aldex2_negative,taxrank,test_id
1,OTU_107,0.886494462103155,1.61854771375473,0.512835480948454,0.0122613831774256,0.0268327482772191,bacteria,proteobacteria,alphaproteobacteria,rhizobiales,bradyrhizobiaceae,rhodopseudomonas,rhodopseudomonas palustris,mid,perturbed,OTU,p_vs_m
2,OTU_11,1.16610229058759,1.44211818652511,0.762209880695891,0.000335478044523342,0.00112882818384924,bacteria,proteobacteria,alphaproteobacteria,rhodospirillales,acetobacteraceae,acetobacter,acetobacter spp.,mid,perturbed,OTU,p_vs_m
3,OTU_116,1.01248362739239,1.98670033597136,0.458482720188674,0.0151308488988574,0.0307560428908649,bacteria,proteobacteria,alphaproteobacteria,rhodospirillales,acetobacteraceae,acetobacter,acetobacter spp.,mid,perturbed,OTU,p_vs_m
4,OTU_12,2.42623726512652,3.20351077526876,0.744139029861838,0.000240752832779365,0.000887266536775922,bacteria,bacteroidetes,bacteroidia,bacteroidales,porphyromonadaceae,paludibacter,paludibacter propionicigenes,mid,perturbed,OTU,p_vs_m
5,OTU_136,-1.07492185877288,2.20763944698511,-0.465350500405954,0.0196705612566671,0.0399277506104719,bacteria,proteobacteria,alphaproteobacteria,rhizobiales,bradyrhizobiaceae,rhodoblastus,rhodoblastus acidophilus,mid,perturbed,OTU,p_vs_m
6,OTU_15,1.80989035070537,2.41103990387128,0.693356065941207,0.00107620053444715,0.00304775636126358,bacteria,spirochaetes,spirochaetia,spirochaetales,spirochaetaceae,spirochaeta,spirochaeta spp.,mid,perturbed,OTU,p_vs_m
7,OTU_16,-2.37998963021486,1.57648181654847,-1.44888254159481,1.13161845358727e-09,2.68194123793954e-08,bacteria,proteobacteria,betaproteobacteria,rhodocyclales,rhodocyclaceae,rhodocyclus,rhodocyclus tenuis,mid,perturbed,OTU,p_vs_m
8,OTU_2,-1.56227893621552,1.38893031235152,-1.10328759249982,2.25080917077162e-07,2.1462268929991e-06,bacteria,verrucomicrobia,opitutae,opitutales,opitutaceae,opitutus,opitutus spp.,mid,perturbed,OTU,p_vs_m
9,OTU_215,-3.90382249519945,2.2633987519675,-1.64102762865571,1.23970202513955e-10,4.06757663120263e-09,bacteria,firmicutes,clostridia,clostridiales,eubacteriaceae,eubacterium,eubacterium sp.,mid,perturbed,OTU,p_vs_m
10,OTU_22,4.06516908385075,3.36436905436217,1.10669571591696,1.28082036410942e-07,1.2093613261804e-06,bacteria,firmicutes,clostridia,clostridiales,ruminococcaceae,ruminococcus,ruminococcus spp.,mid,perturbed,OTU,p_vs_m
11,OTU_25,-3.4247582278374,3.75689902052692,-0.780649469553523,0.000136530606594834,0.000517056737723126,bacteria,proteobacteria,alphaproteobacteria,rhodospirillales,rhodospirillaceae,nitrospirillum,azospirillum amazonense,mid,perturbed,OTU,p_vs_m
12,OTU_315,-0.97862322242238,1.44585185365962,-0.630552078652058,0.00256425568799855,0.00652207015556862,bacteria,proteobacteria,alphaproteobacteria,rhodospirillales,rhodospirillaceae,magnetospirillum,magnetospirillum sp.,mid,perturbed,OTU,p_vs_m
13,OTU_36,1.88335974267502,2.87280569136551,0.586668347745371,0.00226257315880915,0.00560827081964854,bacteria,bacteroidetes,cytophagia,cytophagales,cytophagaceae,pontibacter,pontibacter salisaro,mid,perturbed,OTU,p_vs_m
14,OTU_409,-1.70724896951403,1.59834449236248,-1.0654697365157,5.16587931432861e-07,4.04698481386019e-06,bacteria,verrucomicrobia,opitutae,opitutales,opitutaceae,opitutus,opitutus spp.,mid,perturbed,OTU,p_vs_m
15,OTU_41,-1.48567156886204,1.5041706236667,-0.908243775059076,4.57713383925352e-05,0.00019417295592633,bacteria,proteobacteria,alphaproteobacteria,rhizobiales,methylocystaceae,pleomorphomonas,pleomorphomonas oryzae,mid,perturbed,OTU,p_vs_m
16,OTU_429,-1.44539172494664,2.53993847193065,-0.516194234051477,0.00321459100164353,0.00753741564550551,bacteria,proteobacteria,alphaproteobacteria,rhizobiales,bradyrhizobiaceae,rhodoblastus,rhodoblastus acidophilus,mid,perturbed,OTU,p_vs_m
17,OTU_43,3.54711502942945,3.95745813093949,0.804652196099538,4.92783118426172e-05,0.000205074256257026,bacteria,proteobacteria,deltaproteobacteria,desulfovibrionales,desulfovibrionaceae,desulfovibrio,desulfovibrio mexicanus,mid,perturbed,OTU,p_vs_m
18,OTU_5,-1.35340172420784,1.93352315082461,-0.653610275945274,0.000427013932041156,0.00139515304600463,bacteria,proteobacteria,alphaproteobacteria,rhizobiales,bradyrhizobiaceae,rhodoblastus,rhodoblastus acidophilus,mid,perturbed,OTU,p_vs_m
19,OTU_521,-5.07823723349589,3.47108211756765,-1.29693322785157,2.81729965405065e-07,2.38747125647424e-06,bacteria,firmicutes,clostridia,clostridiales,eubacteriaceae,eubacterium,eubacterium sp.,mid,perturbed,OTU,p_vs_m
20,OTU_548,1.33004025277284,1.64587740203048,0.759083686308499,0.000366346493672063,0.00116632821574307,bacteria,proteobacteria,alphaproteobacteria,rhizobiales,methylocystaceae,pleomorphomonas,pleomorphomonas oryzae,mid,perturbed,OTU,p_vs_m
21,OTU_565,-1.35435093655148,1.5513254266008,-0.820575700502312,0.000104030921781099,0.000387560268771944,bacteria,verrucomicrobia,opitutae,opitutales,opitutaceae,opitutus,opitutus spp.,mid,perturbed,OTU,p_vs_m
22,OTU_569,-1.9144692620933,1.93647349477598,-0.906270175171386,0.000154202136480052,0.000581353475582571,bacteria,proteobacteria,alphaproteobacteria,caulobacterales,caulobacteraceae,caulobacter,caulobacter spp.,mid,perturbed,OTU,p_vs_m
23,OTU_584,-1.25826128847754,2.09397422984202,-0.52806059847676,0.00851678646762701,0.0186585697611036,bacteria,bacteroidetes,bacteroidia,bacteroidales,bacteroidaceae,bacteroides,bacteroides spp.,mid,perturbed,OTU,p_vs_m
24,OTU_7,-2.16782052826077,2.78369939075638,-0.688152850799092,0.00345297250940264,0.00871040170938,bacteria,proteobacteria,gammaproteobacteria,enterobacteriales,enterobacteriaceae,citrobacter,citrobacter werkmanii,mid,perturbed,OTU,p_vs_m
25,OTU_9,-4.63176575303561,2.54956379233761,-1.39710349099362,2.98561176246692e-07,2.62813800420842e-06,bacteria,firmicutes,clostridia,clostridiales,eubacteriaceae,eubacterium,eubacterium sp.,mid,perturbed,OTU,p_vs_m
26,OTU_107,2.11390983367519,1.55612760294151,1.23952456977465,4.37253358403199e-08,1.48173780202164e-07,bacteria,proteobacteria,alphaproteobacteria,rhizobiales,bradyrhizobiaceae,rhodopseudomonas,rhodopseudomonas palustris,late,perturbed,OTU,p_vs_l
27,OTU_115,2.48885066420828,1.53362479480975,1.46853536451579,1.10184834497604e-08,4.10789214232389e-08,bacteria,verrucomicrobia,opitutae,opitutales,opitutaceae,opitutus,opitutus spp.,late,perturbed,OTU,p_vs_l
28,OTU_12,4.40963707709445,3.57295663664388,1.08763450228403,2.92803538650516e-06,7.073936132201e-06,bacteria,bacteroidetes,bacteroidia,bacteroidales,porphyromonadaceae,paludibacter,paludibacter propionicigenes,late,perturbed,OTU,p_vs_l
29,OTU_14,1.57072272623249,1.97213960496476,0.754088760036535,6.49284328059991e-05,0.000128644940644529,bacteria,proteobacteria,alphaproteobacteria,rhizobiales,hyphomicrobiaceae,ancalomicrobium,ancalomicrobium spp.,late,perturbed,OTU,p_vs_l
30,OTU_15,4.77551147053041,4.51504103982794,0.820631499618061,0.000434163934110204,0.000786528500675013,bacteria,spirochaetes,spirochaetia,spirochaetales,spirochaetaceae,spirochaeta,spirochaeta spp.,late,perturbed,OTU,p_vs_l
31,OTU_16,-1.84147678441549,1.50122551028554,-1.1537342050798,1.20348214440597e-08,3.9211478446997e-08,bacteria,proteobacteria,betaproteobacteria,rhodocyclales,rhodocyclaceae,rhodocyclus,rhodocyclus tenuis,late,perturbed,OTU,p_vs_l
32,OTU_211,-0.895182084469293,1.59675504301711,-0.510345460517665,0.00326892174499137,0.00533511028262496,bacteria,bacteroidetes,cytophagia,cytophagales,cytophagaceae,pontibacter,pontibacter sp.,late,perturbed,OTU,p_vs_l
33,OTU_22,6.96645480582663,4.68004953843067,1.20685763135578,1.15959478429797e-06,3.00864227498337e-06,bacteria,firmicutes,clostridia,clostridiales,ruminococcaceae,ruminococcus,ruminococcus spp.,late,perturbed,OTU,p_vs_l
34,OTU_222,5.43229997318247,2.89763246187026,1.88482264731043,2.92650983846324e-14,3.67741412283578e-13,bacteria,proteobacteria,alphaproteobacteria,rhodospirillales,rhodospirillaceae,magnetospirillum,magnetospirillum sp.,late,perturbed,OTU,p_vs_l
35,OTU_23,1.9530157166443,1.45466611529318,1.32745869648242,2.99984893132196e-09,1.074908402535e-08,bacteria,proteobacteria,alphaproteobacteria,rhizobiales,bradyrhizobiaceae,afipia,afipia sp.,late,perturbed,OTU,p_vs_l
36,OTU_259,2.47502028165694,1.80699312832662,1.31590092023226,1.90699460520695e-10,9.25239576690766e-10,bacteria,proteobacteria,alphaproteobacteria,rhizobiales,methylocystaceae,pleomorphomonas,pleomorphomonas oryzae,late,perturbed,OTU,p_vs_l
37,OTU_27,2.07591977053626,2.69949510147204,0.649652907280203,0.00101564990080939,0.00168003828408878,bacteria,proteobacteria,alphaproteobacteria,rhizobiales,hyphomicrobiaceae,ancalomicrobium,ancalomicrobium spp.,late,perturbed,OTU,p_vs_l
38,OTU_274,-1.8079355049112,2.47961366236202,-0.630002594575069,0.000174606350939812,0.000319166778338785,bacteria,bacteroidetes,cytophagia,cytophagales,cytophagaceae,pontibacter,pontibacter sp.,late,perturbed,OTU,p_vs_l
39,OTU_284,3.72594101955122,2.08782385268567,1.65695941253897,1.31143198278837e-11,7.86479798241675e-11,bacteria,proteobacteria,gammaproteobacteria,enterobacteriales,enterobacteriaceae,escherichia,escherichia spp.,late,perturbed,OTU,p_vs_l
40,OTU_298,1.68010926629361,1.75462966826281,0.911811554360683,1.25434996134712e-05,2.70234939394923e-05,bacteria,proteobacteria,alphaproteobacteria,rhizobiales,bradyrhizobiaceae,rhodopseudomonas,rhodopseudomonas palustris,late,perturbed,OTU,p_vs_l
41,OTU_3,1.80008023196439,1.49222046552092,1.10555131147568,1.72820755804988e-07,5.19586110518342e-07,bacteria,proteobacteria,alphaproteobacteria,rhizobiales,bradyrhizobiaceae,rhodopseudomonas,rhodopseudomonas palustris,late,perturbed,OTU,p_vs_l
42,OTU_315,2.45041292447288,1.60388169640832,1.4052107195825,3.55032850024964e-09,1.41194321887997e-08,bacteria,proteobacteria,alphaproteobacteria,rhodospirillales,rhodospirillaceae,magnetospirillum,magnetospirillum sp.,late,perturbed,OTU,p_vs_l
43,OTU_36,1.87611738656335,2.23113869726948,0.75881833900579,8.27988927202184e-05,0.00015129942365945,bacteria,bacteroidetes,cytophagia,cytophagales,cytophagaceae,pontibacter,pontibacter salisaro,late,perturbed,OTU,p_vs_l
44,OTU_4,2.41648871491457,1.69940511218259,1.3789733663603,8.18989063658191e-11,4.35753953385331e-10,bacteria,proteobacteria,alphaproteobacteria,rhizobiales,methylocystaceae,pleomorphomonas,pleomorphomonas oryzae,late,perturbed,OTU,p_vs_l
45,OTU_43,6.70306388069403,4.65527168408903,1.247176613716,4.6107928011018e-07,1.17196666846305e-06,bacteria,proteobacteria,deltaproteobacteria,desulfovibrionales,desulfovibrionaceae,desulfovibrio,desulfovibrio mexicanus,late,perturbed,OTU,p_vs_l
46,OTU_437,0.923226894137492,1.73642094030039,0.552468654856738,0.00111788720033012,0.00190989829879409,bacteria,proteobacteria,alphaproteobacteria,rhizobiales,bradyrhizobiaceae,rhodopseudomonas,rhodopseudomonas palustris,late,perturbed,OTU,p_vs_l
47,OTU_457,-1.55785123460314,2.13597695365024,-0.627748856497659,0.000581293244920876,0.00101788267663364,bacteria,bacteroidetes,cytophagia,cytophagales,cytophagaceae,pontibacter,pontibacter spp.,late,perturbed,OTU,p_vs_l
48,OTU_467,5.10719030332219,2.82450732043322,1.76658874824092,6.44927237569611e-14,6.18374453667528e-13,bacteria,proteobacteria,alphaproteobacteria,rhodospirillales,rhodospirillaceae,magnetospirillum,magnetospirillum sp.,late,perturbed,OTU,p_vs_l
49,OTU_484,2.94525123376156,1.21553511284769,2.29601479313182,7.99175921823412e-14,7.30446262057548e-13,bacteria,verrucomicrobia,opitutae,opitutales,opitutaceae,opitutus,opitutus spp.,late,perturbed,OTU,p_vs_l
50,OTU_548,3.64906733208217,1.61417306582572,2.2626332507738,1.14391869388382e-14,1.04717030080499e-13,bacteria,proteobacteria,alphaproteobacteria,rhizobiales,methylocystaceae,pleomorphomonas,pleomorphomonas oryzae,late,perturbed,OTU,p_vs_l
51,OTU_569,1.01476475865681,2.00291140544442,0.462496455123002,0.00967245101842224,0.01514071494634,bacteria,proteobacteria,alphaproteobacteria,caulobacterales,caulobacteraceae,caulobacter,caulobacter spp.,late,perturbed,OTU,p_vs_l
52,OTU_584,-2.47038284237157,2.25019841161486,-0.995448714763245,7.0803524341922e-06,1.59122565476869e-05,bacteria,bacteroidetes,bacteroidia,bacteroidales,bacteroidaceae,bacteroides,bacteroides spp.,late,perturbed,OTU,p_vs_l
53,OTU_6,5.24682578963925,2.79566925191597,1.89870277189654,2.10225559599379e-14,3.1305529508048e-13,bacteria,proteobacteria,alphaproteobacteria,rhodospirillales,rhodospirillaceae,magnetospirillum,magnetospirillum sp.,late,perturbed,OTU,p_vs_l
54,OTU_608,5.10261795202494,2.88608319218023,1.78418963330682,4.7445863814498e-14,4.88833101265959e-13,bacteria,proteobacteria,alphaproteobacteria,rhodospirillales,rhodospirillaceae,magnetospirillum,magnetospirillum sp.,late,perturbed,OTU,p_vs_l
55,OTU_640,2.56212403023187,1.76366539665154,1.17947395448059,2.50547102073152e-07,7.24633213176208e-07,bacteria,proteobacteria,alphaproteobacteria,rhizobiales,bradyrhizobiaceae,afipia,afipia sp.,late,perturbed,OTU,p_vs_l
56,OTU_67,5.44377409008205,3.03155246953757,1.7358757964331,4.78242761089241e-12,2.90890771092924e-11,bacteria,proteobacteria,alphaproteobacteria,rhodospirillales,rhodospirillaceae,magnetospirillum,magnetospirillum sp.,late,perturbed,OTU,p_vs_l
57,OTU_8,-1.92621190249283,1.85104446712986,-0.915198239277183,6.43649277412968e-05,0.000128955105215056,bacteria,bacteroidetes,bacteroidia,bacteroidales,bacteroidaceae,bacteroides,bacteroides spp.,late,perturbed,OTU,p_vs_l
58,OTU_87,1.89112457595204,1.48355207725929,1.14493535928546,3.12655835069376e-07,8.73426318999416e-07,bacteria,proteobacteria,alphaproteobacteria,rhizobiales,bradyrhizobiaceae,rhodopseudomonas,rhodopseudomonas palustris,late,perturbed,OTU,p_vs_l
59,OTU_10,-2.55368236143943,1.57351981721982,-1.57201992448296,4.20286168615852e-12,3.01191471184535e-11,bacteria,bacteroidetes,cytophagia,cytophagales,cytophagaceae,pontibacter,pontibacter spp.,late,mid,OTU,l_vs_m
60,OTU_11,-2.34864754598353,2.04011734775942,-1.03259607578131,9.32828893942783e-07,3.17085007076068e-06,bacteria,proteobacteria,alphaproteobacteria,rhodospirillales,acetobacteraceae,acetobacter,acetobacter spp.,late,mid,OTU,l_vs_m
61,OTU_115,1.37325889543379,1.31634416085308,0.983914357761031,1.12823932347592e-06,3.65827225209261e-06,bacteria,verrucomicrobia,opitutae,opitutales,opitutaceae,opitutus,opitutus spp.,late,mid,OTU,l_vs_m
62,OTU_116,-2.35690233879578,2.41273111341137,-0.888176111177039,2.39128621218245e-06,7.19404367675335e-06,bacteria,proteobacteria,alphaproteobacteria,rhodospirillales,acetobacteraceae,acetobacter,acetobacter spp.,late,mid,OTU,l_vs_m
63,OTU_13,-1.72441009700083,2.86533647835139,-0.578545740925423,0.00268930592376193,0.00560561046239486,bacteria,bacteroidetes,bacteroidia,bacteroidales,bacteroidaceae,bacteroides,bacteroides spp.,late,mid,OTU,l_vs_m
64,OTU_16,-1.11612711240225,1.85532267409794,-0.561807030332909,0.00209674920298181,0.00447235854733001,bacteria,proteobacteria,betaproteobacteria,rhodocyclales,rhodocyclaceae,rhodocyclus,rhodocyclus tenuis,late,mid,OTU,l_vs_m
65,OTU_2,0.49165500747228,1.1577713054991,0.413074358210211,0.0193731432338405,0.0320943444960326,bacteria,verrucomicrobia,opitutae,opitutales,opitutaceae,opitutus,opitutus spp.,late,mid,OTU,l_vs_m
66,OTU_211,-2.87035092912113,1.6546363654536,-1.65500963357411,3.08568929086281e-12,2.44862378712067e-11,bacteria,bacteroidetes,cytophagia,cytophagales,cytophagaceae,pontibacter,pontibacter sp.,late,mid,OTU,l_vs_m
67,OTU_215,1.1773447131795,2.51647149465887,0.447384729700147,0.00778257936887447,0.0138194221882702,bacteria,firmicutes,clostridia,clostridiales,eubacteriaceae,eubacterium,eubacterium sp.,late,mid,OTU,l_vs_m
68,OTU_222,3.14379463463357,1.69578350557741,1.76901442280071,5.20950121445251e-14,1.40817327796412e-12,bacteria,proteobacteria,alphaproteobacteria,rhodospirillales,rhodospirillaceae,magnetospirillum,magnetospirillum sp.,late,mid,OTU,l_vs_m
69,OTU_224,-2.27762421453272,1.68263179963682,-1.26671813289775,5.44405259062448e-10,2.63528381272459e-09,bacteria,bacteroidetes,cytophagia,cytophagales,cytophagaceae,pontibacter,pontibacter spp.,late,mid,OTU,l_vs_m
70,OTU_25,2.44656348654694,3.99208520344295,0.543875089225702,0.00105485732698047,0.00242780819087772,bacteria,proteobacteria,alphaproteobacteria,rhodospirillales,rhodospirillaceae,nitrospirillum,azospirillum amazonense,late,mid,OTU,l_vs_m
71,OTU_274,-3.62346133391885,2.07854773313917,-1.63920896712444,6.85305273483978e-12,4.35082148677154e-11,bacteria,bacteroidetes,cytophagia,cytophagales,cytophagaceae,pontibacter,pontibacter sp.,late,mid,OTU,l_vs_m
72,OTU_284,1.67228312654534,1.85443227829549,0.852242425811223,4.01387301756996e-06,1.171373323835e-05,bacteria,proteobacteria,gammaproteobacteria,enterobacteriales,enterobacteriaceae,escherichia,escherichia spp.,late,mid,OTU,l_vs_m
73,OTU_30,-2.15101327239084,3.28794175866305,-0.567493677703817,0.00106657499067509,0.00251328124157991,bacteria,bacteroidetes,bacteroidia,bacteroidales,bacteroidaceae,bacteroides,bacteroides spp.,late,mid,OTU,l_vs_m
74,OTU_315,1.8160202633924,1.0023401481644,1.71718967886789,1.12534100118138e-11,6.64987488778927e-11,bacteria,proteobacteria,alphaproteobacteria,rhodospirillales,rhodospirillaceae,magnetospirillum,magnetospirillum sp.,late,mid,OTU,l_vs_m
75,OTU_36,-1.43579005883297,2.31264161804095,-0.527551547099324,0.00093127448717896,0.00205115449293396,bacteria,bacteroidetes,cytophagia,cytophagales,cytophagaceae,pontibacter,pontibacter salisaro,late,mid,OTU,l_vs_m
76,OTU_409,0.684967574439463,1.28503572842767,0.509133814020407,0.00582296699353194,0.010716100868074,bacteria,verrucomicrobia,opitutae,opitutales,opitutaceae,opitutus,opitutus spp.,late,mid,OTU,l_vs_m
77,OTU_41,0.71190975143885,1.31019312077747,0.504457534757488,0.00865163665501956,0.0151751508245547,bacteria,proteobacteria,alphaproteobacteria,rhizobiales,methylocystaceae,pleomorphomonas,pleomorphomonas oryzae,late,mid,OTU,l_vs_m
78,OTU_457,-2.97786326400325,1.85044170909986,-1.5230925905208,3.20909805284521e-11,1.71672718778436e-10,bacteria,bacteroidetes,cytophagia,cytophagales,cytophagaceae,pontibacter,pontibacter spp.,late,mid,OTU,l_vs_m
79,OTU_467,2.7993406315342,1.76717377382531,1.54639247436738,4.21074376888389e-13,4.08615823208965e-12,bacteria,proteobacteria,alphaproteobacteria,rhodospirillales,rhodospirillaceae,magnetospirillum,magnetospirillum sp.,late,mid,OTU,l_vs_m
80,OTU_484,1.02545985776694,1.09461372856403,0.889596046541966,6.18481512182062e-06,1.76689324634764e-05,bacteria,verrucomicrobia,opitutae,opitutales,opitutaceae,opitutus,opitutus spp.,late,mid,OTU,l_vs_m
81,OTU_51,-1.14054349958447,1.1498736741281,-0.906356438085471,4.01914024503125e-06,1.16286788820753e-05,bacteria,bacteroidetes,cytophagia,cytophagales,cytophagaceae,pontibacter,pontibacter spp.,late,mid,OTU,l_vs_m
82,OTU_521,2.26852350266252,3.91891175363279,0.536034758984158,0.00350661989573721,0.00700667012510923,bacteria,firmicutes,clostridia,clostridiales,eubacteriaceae,eubacterium,eubacterium sp.,late,mid,OTU,l_vs_m
83,OTU_548,0.789442903228863,1.4529340327422,0.508571530044195,0.00611635494851387,0.0109846360008819,bacteria,proteobacteria,alphaproteobacteria,rhizobiales,methylocystaceae,pleomorphomonas,pleomorphomonas oryzae,late,mid,OTU,l_vs_m
84,OTU_569,1.4173505737638,2.46573060118423,0.541920377085307,0.00374180806045978,0.00739536829688978,bacteria,proteobacteria,alphaproteobacteria,caulobacterales,caulobacteraceae,caulobacter,caulobacter spp.,late,mid,OTU,l_vs_m
85,OTU_584,-2.8011750808556,2.58645470933947,-0.990777917561169,7.69903567438336e-07,2.7131158934861e-06,bacteria,bacteroidetes,bacteroidia,bacteroidales,bacteroidaceae,bacteroides,bacteroides spp.,late,mid,OTU,l_vs_m
86,OTU_6,2.96678262697766,1.65979631099869,1.71398054842643,2.8944052057009e-13,4.18651637386051e-12,bacteria,proteobacteria,alphaproteobacteria,rhodospirillales,rhodospirillaceae,magnetospirillum,magnetospirillum sp.,late,mid,OTU,l_vs_m
87,OTU_608,2.78631779419523,1.9687255113734,1.32255676866327,1.40125413825292e-10,6.88357423151671e-10,bacteria,proteobacteria,alphaproteobacteria,rhodospirillales,rhodospirillaceae,magnetospirillum,magnetospirillum sp.,late,mid,OTU,l_vs_m
88,OTU_67,3.09652550483268,1.85191326044797,1.59096553552043,7.67595891117686e-13,6.49236815284317e-12,bacteria,proteobacteria,alphaproteobacteria,rhodospirillales,rhodospirillaceae,magnetospirillum,magnetospirillum sp.,late,mid,OTU,l_vs_m
89,OTU_8,-2.55156973361835,2.41474842709483,-1.00870978004766,5.93743110195276e-07,2.2537266696143e-06,bacteria,bacteroidetes,bacteroidia,bacteroidales,bacteroidaceae,bacteroides,bacteroides spp.,late,mid,OTU,l_vs_m
90,OTU_9,2.03132684994051,3.78363167988042,0.530186318456248,0.00534432338629849,0.0099289493807331,bacteria,firmicutes,clostridia,clostridiales,eubacteriaceae,eubacterium,eubacterium sp.,late,mid,OTU,l_vs_m
91,OTU_107,-0.950893420424099,0.93497128796372,-0.98913371636855,0.00187335272077499,0.00403917449255622,bacteria,proteobacteria,alphaproteobacteria,rhizobiales,bradyrhizobiaceae,rhodopseudomonas,rhodopseudomonas palustris,perturbed G,perturbed M,OTU,pG_vs_pM
92,OTU_12,2.22358161375049,2.16180134507349,1.04346123904564,0.00208498991922064,0.00484589483155816,bacteria,bacteroidetes,bacteroidia,bacteroidales,porphyromonadaceae,paludibacter,paludibacter propionicigenes,perturbed G,perturbed M,OTU,pG_vs_pM
93,OTU_13,2.2979168430102,2.31047031667225,1.0030250061637,0.00479050395021589,0.00970883216014894,bacteria,bacteroidetes,bacteroidia,bacteroidales,bacteroidaceae,bacteroides,bacteroides spp.,perturbed G,perturbed M,OTU,pG_vs_pM
94,OTU_136,-1.92525853788017,2.04993367056512,-0.885104342846171,0.00733136993575815,0.0136196610452624,bacteria,proteobacteria,alphaproteobacteria,rhizobiales,bradyrhizobiaceae,rhodoblastus,rhodoblastus acidophilus,perturbed G,perturbed M,OTU,pG_vs_pM
95,OTU_14,-2.17136886313337,0.999511384155047,-2.10725305842982,6.37241342585265e-06,3.67756655073474e-05,bacteria,proteobacteria,alphaproteobacteria,rhizobiales,hyphomicrobiaceae,ancalomicrobium,ancalomicrobium spp.,perturbed G,perturbed M,OTU,pG_vs_pM
96,OTU_15,1.47373887999185,1.37369808409049,1.05947458207847,0.00244856879558724,0.00531046237936068,bacteria,spirochaetes,spirochaetia,spirochaetales,spirochaetaceae,spirochaeta,spirochaeta spp.,perturbed G,perturbed M,OTU,pG_vs_pM
97,OTU_2,-1.54923214977919,0.794909005259985,-1.89422772372146,1.42743244102781e-05,6.89145833605499e-05,bacteria,verrucomicrobia,opitutae,opitutales,opitutaceae,opitutus,opitutus spp.,perturbed G,perturbed M,OTU,pG_vs_pM
98,OTU_222,3.25465271821429,0.863284962319568,3.76460657615732,7.48477528663287e-07,7.73324732110764e-06,bacteria,proteobacteria,alphaproteobacteria,rhodospirillales,rhodospirillaceae,magnetospirillum,magnetospirillum sp.,perturbed G,perturbed M,OTU,pG_vs_pM
99,OTU_23,-1.87251188891793,1.23301265797168,-1.47287331302977,8.47273604037637e-05,0.000294749636854683,bacteria,proteobacteria,alphaproteobacteria,rhizobiales,bradyrhizobiaceae,afipia,afipia sp.,perturbed G,perturbed M,OTU,pG_vs_pM
100,OTU_259,-2.41959240100773,1.66849150034683,-1.59478631659982,3.19419441777767e-05,0.000133422275755558,bacteria,proteobacteria,alphaproteobacteria,rhizobiales,methylocystaceae,pleomorphomonas,pleomorphomonas oryzae,perturbed G,perturbed M,OTU,pG_vs_pM
101,OTU_27,-2.68766229926233,2.31087880181702,-1.07336538964613,0.000821783210731925,0.00196347107002823,bacteria,proteobacteria,alphaproteobacteria,rhizobiales,hyphomicrobiaceae,ancalomicrobium,ancalomicrobium spp.,perturbed G,perturbed M,OTU,pG_vs_pM
102,OTU_284,1.23532588817456,1.15523419011085,1.01098802588459,0.00402511319613218,0.00818110648796797,bacteria,proteobacteria,gammaproteobacteria,enterobacteriales,enterobacteriaceae,escherichia,escherichia spp.,perturbed G,perturbed M,OTU,pG_vs_pM
103,OTU_298,-1.42341507559703,0.937357560930058,-1.47114557895245,3.02216292255328e-05,0.000120443757634652,bacteria,proteobacteria,alphaproteobacteria,rhizobiales,bradyrhizobiaceae,rhodopseudomonas,rhodopseudomonas palustris,perturbed G,perturbed M,OTU,pG_vs_pM
104,OTU_3,-1.08526132626942,0.83534055975773,-1.25540797822352,0.000146984123697006,0.00046069063811505,bacteria,proteobacteria,alphaproteobacteria,rhizobiales,bradyrhizobiaceae,rhodopseudomonas,rhodopseudomonas palustris,perturbed G,perturbed M,OTU,pG_vs_pM
105,OTU_315,0.823068939773788,0.878416905642466,0.886777290305963,0.0115804421046715,0.0192275018030675,bacteria,proteobacteria,alphaproteobacteria,rhodospirillales,rhodospirillaceae,magnetospirillum,magnetospirillum sp.,perturbed G,perturbed M,OTU,pG_vs_pM
106,OTU_4,-2.46478911569301,1.38758576330709,-1.88691368537435,6.6445870726393e-06,4.03932633747778e-05,bacteria,proteobacteria,alphaproteobacteria,rhizobiales,methylocystaceae,pleomorphomonas,pleomorphomonas oryzae,perturbed G,perturbed M,OTU,pG_vs_pM
107,OTU_409,-1.50022445661739,1.14278889382387,-1.24920006166584,0.00059335482124552,0.00154029327922724,bacteria,verrucomicrobia,opitutae,opitutales,opitutaceae,opitutus,opitutus spp.,perturbed G,perturbed M,OTU,pG_vs_pM
108,OTU_41,-1.42181938326887,1.28062099121469,-1.04103574390624,0.00264401609966289,0.00537997658525927,bacteria,proteobacteria,alphaproteobacteria,rhizobiales,methylocystaceae,pleomorphomonas,pleomorphomonas oryzae,perturbed G,perturbed M,OTU,pG_vs_pM
109,OTU_437,-1.32806052821474,1.11394032248437,-1.1824931315824,0.00019011699029198,0.000588073027518438,bacteria,proteobacteria,alphaproteobacteria,rhizobiales,bradyrhizobiaceae,rhodopseudomonas,rhodopseudomonas palustris,perturbed G,perturbed M,OTU,pG_vs_pM
110,OTU_467,2.79277003826948,0.927751547251954,2.98583132511204,1.45405812386563e-06,1.08063740552953e-05,bacteria,proteobacteria,alphaproteobacteria,rhodospirillales,rhodospirillaceae,magnetospirillum,magnetospirillum sp.,perturbed G,perturbed M,OTU,pG_vs_pM
111,OTU_5,-1.34483018421462,1.33558964873052,-0.917359981789102,0.00637034549781891,0.0122067856095738,bacteria,proteobacteria,alphaproteobacteria,rhizobiales,bradyrhizobiaceae,rhodoblastus,rhodoblastus acidophilus,perturbed G,perturbed M,OTU,pG_vs_pM
112,OTU_51,1.46929982470502,1.93142245922322,0.71172667467344,0.0304094926476135,0.0478107522627064,bacteria,bacteroidetes,cytophagia,cytophagales,cytophagaceae,pontibacter,pontibacter spp.,perturbed G,perturbed M,OTU,pG_vs_pM
113,OTU_565,-1.85716738791851,1.20492872487109,-1.51499569537755,0.000139459409886116,0.000411810877787206,bacteria,verrucomicrobia,opitutae,opitutales,opitutaceae,opitutus,opitutus spp.,perturbed G,perturbed M,OTU,pG_vs_pM
114,OTU_6,2.94452843134611,0.758955572300025,3.88109414585889,7.94332871328429e-07,7.95733449162098e-06,bacteria,proteobacteria,alphaproteobacteria,rhodospirillales,rhodospirillaceae,magnetospirillum,magnetospirillum sp.,perturbed G,perturbed M,OTU,pG_vs_pM
115,OTU_608,2.72802567829235,0.997523073271421,2.63239096188012,4.41246732806835e-06,2.34675425045142e-05,bacteria,proteobacteria,alphaproteobacteria,rhodospirillales,rhodospirillaceae,magnetospirillum,magnetospirillum sp.,perturbed G,perturbed M,OTU,pG_vs_pM
116,OTU_640,-0.874514914775635,0.926586728446789,-0.873150117129298,0.00874001795754387,0.0158779955195606,bacteria,proteobacteria,alphaproteobacteria,rhizobiales,bradyrhizobiaceae,afipia,afipia sp.,perturbed G,perturbed M,OTU,pG_vs_pM
117,OTU_67,2.89952808189203,1.08893771508469,2.70779760395599,1.0872153825445e-06,9.21376083107692e-06,bacteria,proteobacteria,alphaproteobacteria,rhodospirillales,rhodospirillaceae,magnetospirillum,magnetospirillum sp.,perturbed G,perturbed M,OTU,pG_vs_pM
118,OTU_7,-1.17111238868007,1.59806000391165,-0.667985491359408,0.0116685561040118,0.0203962505162714,bacteria,proteobacteria,gammaproteobacteria,enterobacteriales,enterobacteriaceae,citrobacter,citrobacter werkmanii,perturbed G,perturbed M,OTU,pG_vs_pM
119,OTU_9,1.18406919830349,0.74050871921026,1.48220311687194,0.000325808866056544,0.000864159448513031,bacteria,firmicutes,clostridia,clostridiales,eubacteriaceae,eubacterium,eubacterium sp.,perturbed G,perturbed M,OTU,pG_vs_pM
120,OTU_107,-1.01718759970785,1.20969362271875,-0.845858227730517,0.0203724233283057,0.0462842579195956,bacteria,proteobacteria,alphaproteobacteria,rhizobiales,bradyrhizobiaceae,rhodopseudomonas,rhodopseudomonas palustris,mid C,mid M,OTU,mC_vs_mM
121,OTU_11,-2.0714564152339,2.12190981426379,-0.976165313861056,0.0153901458019105,0.037811557937851,bacteria,proteobacteria,alphaproteobacteria,rhodospirillales,acetobacteraceae,acetobacter,acetobacter spp.,mid C,mid M,OTU,mC_vs_mM
122,OTU_136,1.21895266182219,1.31196711580184,0.888565482278604,0.00494199346405229,0.0150149424754151,bacteria,proteobacteria,alphaproteobacteria,rhizobiales,bradyrhizobiaceae,rhodoblastus,rhodoblastus acidophilus,mid C,mid M,OTU,mC_vs_mM
123,OTU_14,2.16290521770797,1.48590390001797,1.40875569999875,0.00115353192559075,0.00617387252453342,bacteria,proteobacteria,alphaproteobacteria,rhizobiales,hyphomicrobiaceae,ancalomicrobium,ancalomicrobium spp.,mid C,mid M,OTU,mC_vs_mM
124,OTU_15,-4.00182126823514,1.47018997922984,-2.65590775256156,6.35369532428356e-05,0.00164981041561924,bacteria,spirochaetes,spirochaetia,spirochaetales,spirochaetaceae,spirochaeta,spirochaeta spp.,mid C,mid M,OTU,mC_vs_mM
125,OTU_20,-2.30120366597159,2.3195643431095,-0.982091428729503,0.00934426847662142,0.0244538600126927,bacteria,actinobacteria,actinobacteria,actinomycetales,nocardioidaceae,propionicimonas,propionicimonas paludicola,mid C,mid M,OTU,mC_vs_mM
126,OTU_215,-2.47235704851511,1.75715641009796,-1.37191260357447,0.00180385872297637,0.00832481337594432,bacteria,firmicutes,clostridia,clostridiales,eubacteriaceae,eubacterium,eubacterium sp.,mid C,mid M,OTU,mC_vs_mM
127,OTU_22,-3.09946510038355,3.36550658238805,-0.864987868660361,0.019760055304173,0.043999132449104,bacteria,firmicutes,clostridia,clostridiales,ruminococcaceae,ruminococcus,ruminococcus spp.,mid C,mid M,OTU,mC_vs_mM
128,OTU_25,-4.1094537606278,2.71611325749864,-1.48087249905467,0.000152714932126697,0.00198899850829998,bacteria,proteobacteria,alphaproteobacteria,rhodospirillales,rhodospirillaceae,nitrospirillum,azospirillum amazonense,mid C,mid M,OTU,mC_vs_mM
129,OTU_27,2.46724944611323,2.44047796942991,0.950146304522596,0.00756240573152338,0.0202083435896127,bacteria,proteobacteria,alphaproteobacteria,rhizobiales,hyphomicrobiaceae,ancalomicrobium,ancalomicrobium spp.,mid C,mid M,OTU,mC_vs_mM
130,OTU_298,-1.13622328173177,1.08477782051312,-1.01532192203246,0.0103888888888889,0.02670346235242,bacteria,proteobacteria,alphaproteobacteria,rhizobiales,bradyrhizobiaceae,rhodopseudomonas,rhodopseudomonas palustris,mid C,mid M,OTU,mC_vs_mM
131,OTU_3,-1.06987600640132,0.920350978239293,-1.15547556389491,0.00248058069381599,0.009681518572829,bacteria,proteobacteria,alphaproteobacteria,rhizobiales,bradyrhizobiaceae,rhodopseudomonas,rhodopseudomonas palustris,mid C,mid M,OTU,mC_vs_mM
132,OTU_315,-0.514039585455301,0.436301405390035,-1.08103331166907,0.0122939291101056,0.0288537193411691,bacteria,proteobacteria,alphaproteobacteria,rhodospirillales,rhodospirillaceae,magnetospirillum,magnetospirillum sp.,mid C,mid M,OTU,mC_vs_mM
133,OTU_429,2.39190855930305,2.08758057894778,1.06878577971248,0.00246361236802413,0.00872853856365187,bacteria,proteobacteria,alphaproteobacteria,rhizobiales,bradyrhizobiaceae,rhodoblastus,rhodoblastus acidophilus,mid C,mid M,OTU,mC_vs_mM
134,OTU_437,-1.52955920346794,0.684062698170071,-2.20980927094452,0.000103506787330317,0.00171109749455338,bacteria,proteobacteria,alphaproteobacteria,rhizobiales,bradyrhizobiaceae,rhodopseudomonas,rhodopseudomonas palustris,mid C,mid M,OTU,mC_vs_mM
135,OTU_5,2.01082331258564,1.42959172402514,1.43458681790843,0.000154097536450478,0.00199037811884013,bacteria,proteobacteria,alphaproteobacteria,rhizobiales,bradyrhizobiaceae,rhodoblastus,rhodoblastus acidophilus,mid C,mid M,OTU,mC_vs_mM
136,OTU_521,-3.82003918635411,2.91154718946936,-1.274514852866,0.00238901458019105,0.00940799962026765,bacteria,firmicutes,clostridia,clostridiales,eubacteriaceae,eubacterium,eubacterium sp.,mid C,mid M,OTU,mC_vs_mM
137,OTU_569,-2.32860594474178,1.54221620636851,-1.23956383917981,0.00374685771744595,0.0125914256959284,bacteria,proteobacteria,alphaproteobacteria,caulobacterales,caulobacteraceae,caulobacter,caulobacter spp.,mid C,mid M,OTU,mC_vs_mM
138,OTU_584,-2.81020512375719,2.29001866936891,-1.11722207972863,0.00400666163901458,0.0131544939522727,bacteria,bacteroidetes,bacteroidia,bacteroidales,bacteroidaceae,bacteroides,bacteroides spp.,mid C,mid M,OTU,mC_vs_mM
139,OTU_8,-3.30688151495297,1.90369768555291,-1.56282884721048,0.000683760683760684,0.00523248800151374,bacteria,bacteroidetes,bacteroidia,bacteroidales,bacteroidaceae,bacteroides,bacteroides spp.,mid C,mid M,OTU,mC_vs_mM
140,OTU_87,-1.1672459555465,0.885025749065152,-1.26077160865653,0.00448799648064354,0.0138635401464966,bacteria,proteobacteria,alphaproteobacteria,rhizobiales,bradyrhizobiaceae,rhodopseudomonas,rhodopseudomonas palustris,mid C,mid M,OTU,mC_vs_mM
141,OTU_9,-3.32157444651157,3.30859931459471,-1.32221828253281,0.0020306686777275,0.0088165291210511,bacteria,firmicutes,clostridia,clostridiales,eubacteriaceae,eubacterium,eubacterium sp.,mid C,mid M,OTU,mC_vs_mM
142,OTU_11,-1.91173849928996,1.37385814051825,-1.31788080622265,0.00249772727272727,0.0154522801625337,bacteria,proteobacteria,alphaproteobacteria,rhodospirillales,acetobacteraceae,acetobacter,acetobacter spp.,mid C,mid G,OTU,mC_vs_mG
143,OTU_12,-4.29268852276942,1.7882145663903,-2.48833101456839,0.000174825174825175,0.0024790472027972,bacteria,bacteroidetes,bacteroidia,bacteroidales,porphyromonadaceae,paludibacter,paludibacter propionicigenes,mid C,mid G,OTU,mC_vs_mG
144,OTU_13,-5.11141339030059,0.96780869004145,-5.02007970029161,0.000174825174825175,0.0024790472027972,bacteria,bacteroidetes,bacteroidia,bacteroidales,bacteroidaceae,bacteroides,bacteroides spp.,mid C,mid G,OTU,mC_vs_mG
145,OTU_15,-4.08815942953285,1.04939931729263,-3.86288559674423,0.000174825174825175,0.0024790472027972,bacteria,spirochaetes,spirochaetia,spirochaetales,spirochaetaceae,spirochaeta,spirochaeta spp.,mid C,mid G,OTU,mC_vs_mG
146,OTU_20,-3.35261364287423,2.50436394186583,-1.30811309207273,0.00196328671328671,0.0127501220912183,bacteria,actinobacteria,actinobacteria,actinomycetales,nocardioidaceae,propionicimonas,propionicimonas paludicola,mid C,mid G,OTU,mC_vs_mG
147,OTU_215,-1.74827903599194,1.20153891362211,-1.35932548631133,0.00288409090909091,0.0167676884202627,bacteria,firmicutes,clostridia,clostridiales,eubacteriaceae,eubacterium,eubacterium sp.,mid C,mid G,OTU,mC_vs_mG
148,OTU_25,-2.23457011735964,1.79344289234117,-1.10466070012178,0.00277115384615385,0.0160857247215683,bacteria,proteobacteria,alphaproteobacteria,rhodospirillales,rhodospirillaceae,nitrospirillum,azospirillum amazonense,mid C,mid G,OTU,mC_vs_mG
149,OTU_30,-5.17340988544198,2.67384398439169,-1.85035899392638,0.000282342657342657,0.00332343503718504,bacteria,bacteroidetes,bacteroidia,bacteroidales,bacteroidaceae,bacteroides,bacteroides spp.,mid C,mid G,OTU,mC_vs_mG
150,OTU_521,-2.33620442808036,2.03050490479821,-1.05888795580879,0.00418024475524476,0.0213449547708508,bacteria,firmicutes,clostridia,clostridiales,eubacteriaceae,eubacterium,eubacterium sp.,mid C,mid G,OTU,mC_vs_mG
151,OTU_9,-2.11937327988978,1.60108282191554,-1.15078007658553,0.002825,0.0165409109368681,bacteria,firmicutes,clostridia,clostridiales,eubacteriaceae,eubacterium,eubacterium sp.,mid C,mid G,OTU,mC_vs_mG
152,OTU_12,3.46991172434705,2.96124804706393,1.14915630099635,0.00294558228149559,0.04020760351104,bacteria,bacteroidetes,bacteroidia,bacteroidales,porphyromonadaceae,paludibacter,paludibacter propionicigenes,mid G,mid M,OTU,mG_vs_mM
153,OTU_13,3.18053040539747,1.98621125883985,1.44511279067623,0.000777280304834484,0.020121533485864,bacteria,bacteroidetes,bacteroidia,bacteroidales,bacteroidaceae,bacteroides,bacteroides spp.,mid G,mid M,OTU,mG_vs_mM
154,OTU_7,2.9850382281032,2.29999448009405,1.19971316559273,0.00141251488449631,0.0264702149604781,bacteria,proteobacteria,gammaproteobacteria,enterobacteriales,enterobacteriaceae,citrobacter,citrobacter werkmanii,mid G,mid M,OTU,mG_vs_mM
155,OTU_107,-2.24231813023135,1.2204293251881,-1.80470123996202,3.16004944487917e-05,0.00032766665595613,bacteria,proteobacteria,alphaproteobacteria,rhizobiales,bradyrhizobiaceae,rhodopseudomonas,rhodopseudomonas palustris,late C,late M,OTU,lC_vs_lM
156,OTU_115,-1.54721642036015,1.49491673426899,-1.04468141827042,0.00296998151487316,0.0111049322493069,bacteria,verrucomicrobia,opitutae,opitutales,opitutaceae,opitutus,opitutus spp.,late C,late M,OTU,lC_vs_lM
157,OTU_12,-4.96815057838036,2.27384134328875,-1.85886718064941,9.81129293822792e-05,0.000694848487998643,bacteria,bacteroidetes,bacteroidia,bacteroidales,porphyromonadaceae,paludibacter,paludibacter propionicigenes,late C,late M,OTU,lC_vs_lM
158,OTU_13,-1.54926778610474,1.34898638847035,-1.10938757325001,0.0015907358894975,0.00675529651627362,bacteria,bacteroidetes,bacteroidia,bacteroidales,bacteroidaceae,bacteroides,bacteroides spp.,late C,late M,OTU,lC_vs_lM
159,OTU_15,-8.99655145881457,3.59794850889703,-2.53215348517236,5.67028430805521e-06,0.000173767172186013,bacteria,spirochaetes,spirochaetia,spirochaetales,spirochaetaceae,spirochaeta,spirochaeta spp.,late C,late M,OTU,lC_vs_lM
160,OTU_22,-8.43586659634585,3.55747976685781,-2.17792215702974,0.000251272978827158,0.00138580858057859,bacteria,firmicutes,clostridia,clostridiales,ruminococcaceae,ruminococcus,ruminococcus spp.,late C,late M,OTU,lC_vs_lM
161,OTU_298,-2.33841951966251,1.25114066542461,-1.8333629747248,1.52814162102088e-05,0.000225940828423137,bacteria,proteobacteria,alphaproteobacteria,rhizobiales,bradyrhizobiaceae,rhodopseudomonas,rhodopseudomonas palustris,late C,late M,OTU,lC_vs_lM
162,OTU_3,-2.32232168490033,1.21624148458835,-1.80321978572964,3.76450175211785e-05,0.000352147642682804,bacteria,proteobacteria,alphaproteobacteria,rhizobiales,bradyrhizobiaceae,rhodopseudomonas,rhodopseudomonas palustris,late C,late M,OTU,lC_vs_lM
163,OTU_30,-1.52566112782327,1.5811965838495,-1.01146671767884,0.0036472629537645,0.0133475395384904,bacteria,bacteroidetes,bacteroidia,bacteroidales,bacteroidaceae,bacteroides,bacteroides spp.,late C,late M,OTU,lC_vs_lM
164,OTU_429,1.87155926011778,1.67399409736581,1.07255169579678,0.0031217069823881,0.0112600715968152,bacteria,proteobacteria,alphaproteobacteria,rhizobiales,bradyrhizobiaceae,rhodoblastus,rhodoblastus acidophilus,late C,late M,OTU,lC_vs_lM
165,OTU_43,-6.53414965387505,4.88861153151495,-1.24882052802186,0.00211203914764286,0.00747479663720022,bacteria,proteobacteria,deltaproteobacteria,desulfovibrionales,desulfovibrionaceae,desulfovibrio,desulfovibrio mexicanus,late C,late M,OTU,lC_vs_lM
166,OTU_437,-2.87066193798375,1.03967669635215,-2.48947198944621,3.17479218408011e-05,0.000334281308114789,bacteria,proteobacteria,alphaproteobacteria,rhizobiales,bradyrhizobiaceae,rhodopseudomonas,rhodopseudomonas palustris,late C,late M,OTU,lC_vs_lM
167,OTU_5,1.61834389622905,1.21354145339362,1.27125034024106,0.000312421324805226,0.0017643734767578,bacteria,proteobacteria,alphaproteobacteria,rhizobiales,bradyrhizobiaceae,rhodoblastus,rhodoblastus acidophilus,late C,late M,OTU,lC_vs_lM
168,OTU_51,1.028807228419,0.977242437796158,0.981008628920927,0.00358490116694451,0.0125141505145651,bacteria,bacteroidetes,cytophagia,cytophagales,cytophagaceae,pontibacter,pontibacter spp.,late C,late M,OTU,lC_vs_lM
169,OTU_640,-3.08468021663675,1.1188272876442,-2.07989168888713,0.00993093593712789,0.0323247828565946,bacteria,proteobacteria,alphaproteobacteria,rhizobiales,bradyrhizobiaceae,afipia,afipia sp.,late C,late M,OTU,lC_vs_lM
170,OTU_87,-1.93497592738711,1.26562949149171,-1.52906390252273,0.000139500334546774,0.000885361985959067,bacteria,proteobacteria,alphaproteobacteria,rhizobiales,bradyrhizobiaceae,rhodopseudomonas,rhodopseudomonas palustris,late C,late M,OTU,lC_vs_lM
171,OTU_107,-1.17936976473248,1.19866436090836,-0.953200092947032,0.00438104459591201,0.0210642268208112,bacteria,proteobacteria,alphaproteobacteria,rhizobiales,bradyrhizobiaceae,rhodopseudomonas,rhodopseudomonas palustris,late C,late G,OTU,lC_vs_lG
172,OTU_115,-1.34498382820872,1.3899107279329,-0.933829952369263,0.00297726354948054,0.0143444931258206,bacteria,verrucomicrobia,opitutae,opitutales,opitutaceae,opitutus,opitutus spp.,late C,late G,OTU,lC_vs_lG
173,OTU_12,-6.54095827616387,1.28285769878964,-4.25521109531325,2.04256863968804e-06,4.64732124040241e-05,bacteria,bacteroidetes,bacteroidia,bacteroidales,porphyromonadaceae,paludibacter,paludibacter propionicigenes,late C,late G,OTU,lC_vs_lG
174,OTU_13,-1.7468041282908,1.72055598911674,-1.01515229636432,0.00115713094058093,0.00895648778275244,bacteria,bacteroidetes,bacteroidia,bacteroidales,bacteroidaceae,bacteroides,bacteroides spp.,late C,late G,OTU,lC_vs_lG
175,OTU_15,-7.00105955371668,2.14855599453371,-3.04276415480685,1.25123900194569e-06,4.53832646018674e-05,bacteria,spirochaetes,spirochaetia,spirochaetales,spirochaetaceae,spirochaeta,spirochaeta spp.,late C,late G,OTU,lC_vs_lG
176,OTU_16,1.79256150408378,1.47809818808252,0.934201949238547,0.01448273657289,0.0425749640013009,bacteria,proteobacteria,betaproteobacteria,rhodocyclales,rhodocyclaceae,rhodocyclus,rhodocyclus tenuis,late C,late G,OTU,lC_vs_lG
177,OTU_22,-7.22182335493894,3.0420030721025,-2.12515205163045,0.000169967612591115,0.00192349728706405,bacteria,firmicutes,clostridia,clostridiales,ruminococcaceae,ruminococcus,ruminococcus spp.,late C,late G,OTU,lC_vs_lG
178,OTU_259,1.39274172602142,0.997010062067387,1.05955147981677,0.00668669872775405,0.0262324293319691,bacteria,proteobacteria,alphaproteobacteria,rhizobiales,methylocystaceae,pleomorphomonas,pleomorphomonas oryzae,late C,late G,OTU,lC_vs_lG
179,OTU_284,-1.68997775965097,1.84020156723059,-0.902272317008753,0.00452132511003153,0.0195136675884759,bacteria,proteobacteria,gammaproteobacteria,enterobacteriales,enterobacteriaceae,escherichia,escherichia spp.,late C,late G,OTU,lC_vs_lG
180,OTU_298,-1.09216329504733,1.27526974464173,-0.870917149622982,0.00888478607586159,0.0304910868464832,bacteria,proteobacteria,alphaproteobacteria,rhizobiales,bradyrhizobiaceae,rhodopseudomonas,rhodopseudomonas palustris,late C,late G,OTU,lC_vs_lG
181,OTU_3,-1.04164037921556,1.14796882577718,-0.893898327125651,0.00697206789934613,0.0267476525312003,bacteria,proteobacteria,alphaproteobacteria,rhizobiales,bradyrhizobiaceae,rhodopseudomonas,rhodopseudomonas palustris,late C,late G,OTU,lC_vs_lG
182,OTU_30,-1.52905552275053,1.90595002015077,-0.78551325704806,0.0164890131629935,0.045208890593208,bacteria,bacteroidetes,bacteroidia,bacteroidales,bacteroidaceae,bacteroides,bacteroides spp.,late C,late G,OTU,lC_vs_lG
183,OTU_4,1.26343386369191,0.852930828433115,1.12931329529324,0.00748261624183686,0.0282970586945601,bacteria,proteobacteria,alphaproteobacteria,rhizobiales,methylocystaceae,pleomorphomonas,pleomorphomonas oryzae,late C,late G,OTU,lC_vs_lG
184,OTU_43,-5.9238909106065,4.81683542995338,-1.15965378047079,0.00166941286604095,0.00814605663065312,bacteria,proteobacteria,deltaproteobacteria,desulfovibrionales,desulfovibrionaceae,desulfovibrio,desulfovibrio mexicanus,late C,late G,OTU,lC_vs_lG
185,OTU_437,-0.772808796458586,0.879466131242281,-0.87019138280913,0.00906957990185881,0.0307311842018031,bacteria,proteobacteria,alphaproteobacteria,rhizobiales,bradyrhizobiaceae,rhodopseudomonas,rhodopseudomonas palustris,late C,late G,OTU,lC_vs_lG
186,OTU_640,-2.48263414426121,1.3385620566363,-1.58243697154202,7.32693743193138e-06,0.00011888267858284,bacteria,proteobacteria,alphaproteobacteria,rhizobiales,bradyrhizobiaceae,afipia,afipia sp.,late C,late G,OTU,lC_vs_lG
187,OTU_87,-1.12542137761251,1.13637478253914,-0.96050662385841,0.00482226797521588,0.0212413628496777,bacteria,proteobacteria,alphaproteobacteria,rhizobiales,bradyrhizobiaceae,rhodopseudomonas,rhodopseudomonas palustris,late C,late G,OTU,lC_vs_lG
188,OTU_15,-1.71976460235987,3.14253743445163,-0.562775957475903,0.0071638717638085,0.0301753879574905,bacteria,spirochaetes,spirochaetia,spirochaetales,spirochaetaceae,spirochaeta,spirochaeta spp.,late G,late M,OTU,lG_vs_lM
189,OTU_274,-1.40021719036081,1.32035414146724,-0.987549185411463,0.00293355364113609,0.0189054127796541,bacteria,bacteroidetes,cytophagia,cytophagales,cytophagaceae,pontibacter,pontibacter sp.,late G,late M,OTU,lG_vs_lM
190,OTU_298,-1.19927989873627,1.29243156280204,-0.876752211415676,0.0065587198815453,0.0324349223369703,bacteria,proteobacteria,alphaproteobacteria,rhizobiales,bradyrhizobiaceae,rhodopseudomonas,rhodopseudomonas palustris,late G,late M,OTU,lG_vs_lM
191,OTU_3,-1.26473451391722,1.17471462162643,-0.948417082203653,0.00651817965630188,0.0330447779317696,bacteria,proteobacteria,alphaproteobacteria,rhizobiales,bradyrhizobiaceae,rhodopseudomonas,rhodopseudomonas palustris,late G,late M,OTU,lG_vs_lM
192,OTU_429,1.46332162690765,1.41396372701779,0.947393526631356,0.00231062861757976,0.0129394165173841,bacteria,proteobacteria,alphaproteobacteria,rhizobiales,bradyrhizobiaceae,rhodoblastus,rhodoblastus acidophilus,late G,late M,OTU,lG_vs_lM
193,OTU_437,-2.09191946666819,1.04160415971226,-1.6853653966001,0.000468120877641674,0.00475260482051961,bacteria,proteobacteria,alphaproteobacteria,rhizobiales,bradyrhizobiaceae,rhodopseudomonas,rhodopseudomonas palustris,late G,late M,OTU,lG_vs_lM
194,OTU_5,1.65242873927019,0.994803459023395,1.61028641948406,3.57997936016512e-05,0.000569173718610251,bacteria,proteobacteria,alphaproteobacteria,rhizobiales,bradyrhizobiaceae,rhodoblastus,rhodoblastus acidophilus,late G,late M,OTU,lG_vs_lM
195,OTU_584,-2.56026971512833,1.25312899288028,-1.95696606305125,3.03270965136627e-06,7.40689490136253e-05,bacteria,bacteroidetes,bacteroidia,bacteroidales,bacteroidaceae,bacteroides,bacteroides spp.,late G,late M,OTU,lG_vs_lM
196,OTU_8,-2.32142340736678,1.13303598709221,-1.97236426716114,3.41230313635752e-06,7.84378636275258e-05,bacteria,bacteroidetes,bacteroidia,bacteroidales,bacteroidaceae,bacteroides,bacteroides spp.,late G,late M,OTU,lG_vs_lM
197,OTU_222,6.00662651287091,2.16104722226074,2.81166459939122,3.09288234984829e-06,2.72865053271953e-05,bacteria,proteobacteria,alphaproteobacteria,rhodospirillales,rhodospirillaceae,magnetospirillum,magnetospirillum sp.,late C,perturbed M,OTU,lC_vs_pM
198,OTU_259,1.4772597784969,1.60147343220053,1.06773470171419,0.00180421745437225,0.00822122434162744,bacteria,proteobacteria,alphaproteobacteria,rhizobiales,methylocystaceae,pleomorphomonas,pleomorphomonas oryzae,late C,perturbed M,OTU,lC_vs_pM
199,OTU_284,3.02840749279267,1.89379358548857,1.55889743157565,0.000101830058486405,0.000668116728963699,bacteria,proteobacteria,gammaproteobacteria,enterobacteriales,enterobacteriaceae,escherichia,escherichia spp.,late C,perturbed M,OTU,lC_vs_pM
200,OTU_315,1.9225985243338,1.81007555858476,1.06155415704271,0.00329571976011605,0.0129504622669282,bacteria,proteobacteria,alphaproteobacteria,rhodospirillales,rhodospirillaceae,magnetospirillum,magnetospirillum sp.,late C,perturbed M,OTU,lC_vs_pM
201,OTU_36,2.15384967222401,2.38080392273945,0.870022600111151,0.00929402176770598,0.0265932204127206,bacteria,bacteroidetes,cytophagia,cytophagales,cytophagaceae,pontibacter,pontibacter salisaro,late C,perturbed M,OTU,lC_vs_pM
202,OTU_4,1.34845842933757,1.568009899211,1.02854699090398,0.00166077884963334,0.00783358600052548,bacteria,proteobacteria,alphaproteobacteria,rhizobiales,methylocystaceae,pleomorphomonas,pleomorphomonas oryzae,late C,perturbed M,OTU,lC_vs_pM
203,OTU_437,-1.03375298060778,0.926856000767215,-1.01257774196544,0.00680763818225119,0.0232107496506721,bacteria,proteobacteria,alphaproteobacteria,rhizobiales,bradyrhizobiaceae,rhodopseudomonas,rhodopseudomonas palustris,late C,perturbed M,OTU,lC_vs_pM
204,OTU_467,5.41171204868944,2.13613880870936,2.57894680366774,3.09288234984829e-06,2.72865053271953e-05,bacteria,proteobacteria,alphaproteobacteria,rhodospirillales,rhodospirillaceae,magnetospirillum,magnetospirillum sp.,late C,perturbed M,OTU,lC_vs_pM
205,OTU_484,2.3058954044889,1.3794176251748,1.74987445132933,1.90428766280159e-05,0.000142326916044298,bacteria,verrucomicrobia,opitutae,opitutales,opitutaceae,opitutus,opitutus spp.,late C,perturbed M,OTU,lC_vs_pM
206,OTU_548,3.52976621255906,1.72979311037786,2.06844126219574,5.7187394648695e-06,4.56066305800937e-05,bacteria,proteobacteria,alphaproteobacteria,rhizobiales,methylocystaceae,pleomorphomonas,pleomorphomonas oryzae,late C,perturbed M,OTU,lC_vs_pM
207,OTU_565,-1.21011455218158,1.353421156191,-0.839365217128258,0.0197784475586333,0.0488113195815801,bacteria,verrucomicrobia,opitutae,opitutales,opitutaceae,opitutus,opitutus spp.,late C,perturbed M,OTU,lC_vs_pM
208,OTU_584,-2.58637232456838,2.60662434326751,-0.954235363945058,0.00807673441109974,0.026860944838684,bacteria,bacteroidetes,bacteroidia,bacteroidales,bacteroidaceae,bacteroides,bacteroides spp.,late C,perturbed M,OTU,lC_vs_pM
209,OTU_6,5.63216715988647,2.06252901946911,2.81618231639074,3.09288234984829e-06,2.72865053271953e-05,bacteria,proteobacteria,alphaproteobacteria,rhodospirillales,rhodospirillaceae,magnetospirillum,magnetospirillum sp.,late C,perturbed M,OTU,lC_vs_pM
210,OTU_608,5.75846031573026,2.3565748453665,2.4570215206194,3.09288234984829e-06,2.72865053271953e-05,bacteria,proteobacteria,alphaproteobacteria,rhodospirillales,rhodospirillaceae,magnetospirillum,magnetospirillum sp.,late C,perturbed M,OTU,lC_vs_pM
211,OTU_67,5.56665348156094,2.08094137196037,2.67894288571953,3.09288234984829e-06,2.72865053271953e-05,bacteria,proteobacteria,alphaproteobacteria,rhodospirillales,rhodospirillaceae,magnetospirillum,magnetospirillum sp.,late C,perturbed M,OTU,lC_vs_pM
212,OTU_7,-1.74289385195202,2.03929721206369,-0.81647544284157,0.016000185572941,0.0466908913008033,bacteria,proteobacteria,gammaproteobacteria,enterobacteriales,enterobacteriaceae,citrobacter,citrobacter werkmanii,late C,perturbed M,OTU,lC_vs_pM
213,OTU_8,-2.3184789521036,2.09025451604346,-0.924562494300672,0.0158833426635284,0.0466722684972092,bacteria,bacteroidetes,bacteroidia,bacteroidales,bacteroidaceae,bacteroides,bacteroides spp.,late C,perturbed M,OTU,lC_vs_pM
214,OTU_10,-1.41509406196067,1.45270260345004,-0.946782446359697,0.00394273528329256,0.011384246888132,bacteria,bacteroidetes,cytophagia,cytophagales,cytophagaceae,pontibacter,pontibacter spp.,late C,perturbed G,OTU,lC_vs_pG
215,OTU_12,-2.59685593513436,2.52671141931323,-0.835530037110724,0.0125126576210168,0.0290775149595362,bacteria,bacteroidetes,bacteroidia,bacteroidales,porphyromonadaceae,paludibacter,paludibacter propionicigenes,late C,perturbed G,OTU,lC_vs_pG
216,OTU_13,-3.965253105722,1.71736984999199,-1.84688897904576,2.96174413821473e-05,0.00028849606460177,bacteria,bacteroidetes,bacteroidia,bacteroidales,bacteroidaceae,bacteroides,bacteroides spp.,late C,perturbed G,OTU,lC_vs_pG
217,OTU_15,-3.72205920049725,2.3848337556533,-1.43774819845009,0.000730909956916149,0.00351126064919595,bacteria,spirochaetes,spirochaetia,spirochaetales,spirochaetaceae,spirochaeta,spirochaeta spp.,late C,perturbed G,OTU,lC_vs_pG
218,OTU_16,-2.18645255726972,1.69575288058697,-1.28862669449731,9.9327916665378e-05,0.000661774639265028,bacteria,proteobacteria,betaproteobacteria,rhodocyclales,rhodocyclaceae,rhodocyclus,rhodocyclus tenuis,late C,perturbed G,OTU,lC_vs_pG
219,OTU_211,-1.75576673326226,1.63295359749865,-1.02520904928053,0.00309665875919746,0.00953190182423402,bacteria,bacteroidetes,cytophagia,cytophagales,cytophagaceae,pontibacter,pontibacter sp.,late C,perturbed G,OTU,lC_vs_pG
220,OTU_215,-1.89409136865134,1.7978704833525,-0.99421534904965,0.00502012229256811,0.0131373005074997,bacteria,firmicutes,clostridia,clostridiales,eubacteriaceae,eubacterium,eubacterium sp.,late C,perturbed G,OTU,lC_vs_pG
221,OTU_222,1.6098351039708,1.73254749345728,0.851187912249724,0.00261550214491391,0.0080307131146903,bacteria,proteobacteria,alphaproteobacteria,rhodospirillales,rhodospirillaceae,magnetospirillum,magnetospirillum sp.,late C,perturbed G,OTU,lC_vs_pG
222,OTU_224,-1.32233153737884,1.76282726997846,-0.666522689523574,0.0221067384627756,0.0450204145857145,bacteria,bacteroidetes,cytophagia,cytophagales,cytophagaceae,pontibacter,pontibacter spp.,late C,perturbed G,OTU,lC_vs_pG
223,OTU_23,1.42029512137283,1.18499341560749,1.15967099510629,0.00116256498919038,0.00415781031079818,bacteria,proteobacteria,alphaproteobacteria,rhizobiales,bradyrhizobiaceae,afipia,afipia sp.,late C,perturbed G,OTU,lC_vs_pG
224,OTU_259,3.32177837340305,1.67826569974281,1.94632465565615,6.890941875462e-06,0.000112829014564972,bacteria,proteobacteria,alphaproteobacteria,rhizobiales,methylocystaceae,pleomorphomonas,pleomorphomonas oryzae,late C,perturbed G,OTU,lC_vs_pG
225,OTU_27,2.5091925094341,1.74626198370113,1.36882151442391,0.000432790120096622,0.00202119841128481,bacteria,proteobacteria,alphaproteobacteria,rhizobiales,hyphomicrobiaceae,ancalomicrobium,ancalomicrobium spp.,late C,perturbed G,OTU,lC_vs_pG
226,OTU_274,-2.74462376997036,2.38899563447983,-0.965399519652815,0.00315149247037792,0.00933565250045534,bacteria,bacteroidetes,cytophagia,cytophagales,cytophagaceae,pontibacter,pontibacter sp.,late C,perturbed G,OTU,lC_vs_pG
227,OTU_30,-4.6910085789848,3.06129076186561,-1.41616682737893,3.25680511439025e-05,0.000304206955754943,bacteria,bacteroidetes,bacteroidia,bacteroidales,bacteroidaceae,bacteroides,bacteroides spp.,late C,perturbed G,OTU,lC_vs_pG
228,OTU_4,3.1958618210544,1.50432790210754,2.18800373911061,4.12281217234778e-06,9.33905067363714e-05,bacteria,proteobacteria,alphaproteobacteria,rhizobiales,methylocystaceae,pleomorphomonas,pleomorphomonas oryzae,late C,perturbed G,OTU,lC_vs_pG
229,OTU_457,-2.1570149623296,1.91471737032412,-1.03753969689391,0.0025769586450701,0.0079117058424274,bacteria,bacteroidetes,cytophagia,cytophagales,cytophagaceae,pontibacter,pontibacter spp.,late C,perturbed G,OTU,lC_vs_pG
230,OTU_467,1.55172743227011,1.90286948784393,0.70371651216357,0.00623164451647424,0.0153636361619378,bacteria,proteobacteria,alphaproteobacteria,rhodospirillales,rhodospirillaceae,magnetospirillum,magnetospirillum sp.,late C,perturbed G,OTU,lC_vs_pG
231,OTU_484,1.07630154322797,1.21010414179346,0.8609143013457,0.0140764838876294,0.0314117696825933,bacteria,verrucomicrobia,opitutae,opitutales,opitutaceae,opitutus,opitutus spp.,late C,perturbed G,OTU,lC_vs_pG
232,OTU_548,3.35702439969566,1.66220217066438,2.0003046854694,4.99191211265515e-06,9.79994684660762e-05,bacteria,proteobacteria,alphaproteobacteria,rhizobiales,methylocystaceae,pleomorphomonas,pleomorphomonas oryzae,late C,perturbed G,OTU,lC_vs_pG
233,OTU_584,-2.72923495221115,2.89739850852777,-0.932593816942277,0.0137453351601958,0.0310252170817908,bacteria,bacteroidetes,bacteroidia,bacteroidales,bacteroidaceae,bacteroides,bacteroides spp.,late C,perturbed G,OTU,lC_vs_pG
234,OTU_6,1.54222540259651,1.5715067798309,0.970901741636707,0.00122291640248297,0.00461704357584975,bacteria,proteobacteria,alphaproteobacteria,rhodospirillales,rhodospirillaceae,magnetospirillum,magnetospirillum sp.,late C,perturbed G,OTU,lC_vs_pG
235,OTU_608,2.04642723083739,1.9971735855226,0.907840579202336,0.00106109370505655,0.00385058806571017,bacteria,proteobacteria,alphaproteobacteria,rhodospirillales,rhodospirillaceae,magnetospirillum,magnetospirillum sp.,late C,perturbed G,OTU,lC_vs_pG
236,OTU_67,1.69488947229757,1.94916323646008,0.784706182088104,0.0120580131942361,0.0272732377689565,bacteria,proteobacteria,alphaproteobacteria,rhodospirillales,rhodospirillaceae,magnetospirillum,magnetospirillum sp.,late C,perturbed G,OTU,lC_vs_pG
237,OTU_9,-1.18198843310078,1.53625337998687,-0.781306061367552,0.00535186485341284,0.0144234962020375,bacteria,firmicutes,clostridia,clostridiales,eubacteriaceae,eubacterium,eubacterium sp.,late C,perturbed G,OTU,lC_vs_pG
238,OTU_215,2.91563829534821,1.34475670584022,2.15330170735292,0.000103969559851913,0.0016728283970931,bacteria,firmicutes,clostridia,clostridiales,eubacteriaceae,eubacterium,eubacterium sp.,late C,mid C,OTU,lC_vs_mC
239,OTU_25,5.42735650244039,3.13063828504865,1.55713736209404,0.000525606746194982,0.00507400173356056,bacteria,proteobacteria,alphaproteobacteria,rhodospirillales,rhodospirillaceae,nitrospirillum,azospirillum amazonense,late C,mid C,OTU,lC_vs_mC
240,OTU_41,1.4852407456824,0.986882650596088,1.47137428453981,0.000982723159193747,0.00861193698835102,bacteria,proteobacteria,alphaproteobacteria,rhizobiales,methylocystaceae,pleomorphomonas,pleomorphomonas oryzae,late C,mid C,OTU,lC_vs_mC
241,OTU_521,5.68118510039181,1.6228352728676,2.2865231986804,0.000102838338132456,0.0016637443438914,bacteria,firmicutes,clostridia,clostridiales,eubacteriaceae,eubacterium,eubacterium sp.,late C,mid C,OTU,lC_vs_mC
242,OTU_569,2.77161542945588,1.46170846781055,1.83110812657437,0.0003906828465652,0.00405060527707587,bacteria,proteobacteria,alphaproteobacteria,caulobacterales,caulobacteraceae,caulobacter,caulobacter spp.,late C,mid C,OTU,lC_vs_mC
243,OTU_9,5.46276166235932,1.37623112928712,2.4648070295266,0.000102838338132456,0.0016637443438914,bacteria,firmicutes,clostridia,clostridiales,eubacteriaceae,eubacterium,eubacterium sp.,late C,mid C,OTU,lC_vs_mC
244,OTU_10,-1.2199650066294,1.06652222360212,-1.0384266724146,0.00819506808980493,0.0164119356117578,bacteria,bacteroidetes,cytophagia,cytophagales,cytophagaceae,pontibacter,pontibacter spp.,late C,mid G,OTU,lC_vs_mG
245,OTU_11,-1.9865292286022,1.40446238567543,-1.34840474025144,0.00111061075147762,0.00355431204388004,bacteria,proteobacteria,alphaproteobacteria,rhodospirillales,acetobacteraceae,acetobacter,acetobacter spp.,late C,mid G,OTU,lC_vs_mG
246,OTU_116,-2.35794412483714,2.15363891442326,-0.992169081550252,0.00370428023988396,0.00829461645994948,bacteria,proteobacteria,alphaproteobacteria,rhodospirillales,acetobacteraceae,acetobacter,acetobacter spp.,late C,mid G,OTU,lC_vs_mG
247,OTU_12,-5.18465177357995,2.50999915418371,-2.22396589640496,0.000153413150317175,0.000850297952803149,bacteria,bacteroidetes,bacteroidia,bacteroidales,porphyromonadaceae,paludibacter,paludibacter propionicigenes,late C,mid G,OTU,lC_vs_mG
248,OTU_13,-4.6938295088458,0.98468702869982,-4.77405141269239,2.16501764489381e-05,0.000299674491315358,bacteria,bacteroidetes,bacteroidia,bacteroidales,bacteroidaceae,bacteroides,bacteroides spp.,late C,mid G,OTU,lC_vs_mG
249,OTU_15,-5.08964064718399,1.73892305045401,-2.68858307398521,4.5097317543138e-05,0.000395867157318206,bacteria,spirochaetes,spirochaetia,spirochaetales,spirochaetaceae,spirochaeta,spirochaeta spp.,late C,mid G,OTU,lC_vs_mG
250,OTU_20,-2.10213405287982,2.15245862887897,-0.918183592444372,0.0146151681136201,0.0266136254185463,bacteria,actinobacteria,actinobacteria,actinomycetales,nocardioidaceae,propionicimonas,propionicimonas paludicola,late C,mid G,OTU,lC_vs_mG
251,OTU_211,-1.45581841855126,1.22393495339599,-1.12971177862465,0.0046421442334755,0.0105364855758055,bacteria,bacteroidetes,cytophagia,cytophagales,cytophagaceae,pontibacter,pontibacter sp.,late C,mid G,OTU,lC_vs_mG
252,OTU_215,2.00853348566949,1.62168349070473,1.20305745482211,0.00209205655026088,0.00549586330478941,bacteria,firmicutes,clostridia,clostridiales,eubacteriaceae,eubacterium,eubacterium sp.,late C,mid G,OTU,lC_vs_mG
253,OTU_22,-4.74065477278451,4.09485891188146,-1.06389443860743,0.00305719976617809,0.00751765769570987,bacteria,firmicutes,clostridia,clostridiales,ruminococcaceae,ruminococcus,ruminococcus spp.,late C,mid G,OTU,lC_vs_mG
254,OTU_222,3.12538172123969,2.09955851121554,1.52676998482533,0.000196756803567949,0.00100408774285315,bacteria,proteobacteria,alphaproteobacteria,rhodospirillales,rhodospirillaceae,magnetospirillum,magnetospirillum sp.,late C,mid G,OTU,lC_vs_mG
255,OTU_25,3.31139195499422,3.90097832059998,0.768265524809656,0.0180006711554699,0.0319519687005027,bacteria,proteobacteria,alphaproteobacteria,rhodospirillales,rhodospirillaceae,nitrospirillum,azospirillum amazonense,late C,mid G,OTU,lC_vs_mG
256,OTU_259,1.91385411002502,1.38877816610821,1.48679938156647,0.000523371365476629,0.0020486166743648,bacteria,proteobacteria,alphaproteobacteria,rhizobiales,methylocystaceae,pleomorphomonas,pleomorphomonas oryzae,late C,mid G,OTU,lC_vs_mG
257,OTU_274,-2.44787407592093,2.08084275140762,-1.04131210313767,0.00499963194700037,0.0109274405248137,bacteria,bacteroidetes,cytophagia,cytophagales,cytophagaceae,pontibacter,pontibacter sp.,late C,mid G,OTU,lC_vs_mG
258,OTU_30,-5.10974853492706,2.26301757126233,-2.22938747176183,2.44646993873e-05,0.000308380777055137,bacteria,bacteroidetes,bacteroidia,bacteroidales,bacteroidaceae,bacteroides,bacteroides spp.,late C,mid G,OTU,lC_vs_mG
259,OTU_315,2.25166914082672,1.16569052625608,1.6730703343967,0.00102992054385243,0.00310019561344061,bacteria,proteobacteria,alphaproteobacteria,rhodospirillales,rhodospirillaceae,magnetospirillum,magnetospirillum sp.,late C,mid G,OTU,lC_vs_mG
260,OTU_4,1.76896272131256,1.43095327122586,1.32243186892705,0.00105089956483145,0.00335791922029013,bacteria,proteobacteria,alphaproteobacteria,rhizobiales,methylocystaceae,pleomorphomonas,pleomorphomonas oryzae,late C,mid G,OTU,lC_vs_mG
261,OTU_41,1.71314268961273,1.0298520378989,1.58463257618136,0.0005147762454264,0.00180000485455095,bacteria,proteobacteria,alphaproteobacteria,rhizobiales,methylocystaceae,pleomorphomonas,pleomorphomonas oryzae,late C,mid G,OTU,lC_vs_mG
262,OTU_429,1.91027000048111,1.60120007116181,1.07694411834097,0.00716897962718396,0.0143580558456239,bacteria,proteobacteria,alphaproteobacteria,rhizobiales,bradyrhizobiaceae,rhodoblastus,rhodoblastus acidophilus,late C,mid G,OTU,lC_vs_mG
263,OTU_457,-1.50882568141914,1.77993981994051,-0.793240286459116,0.0263593929290524,0.0440290715369867,bacteria,bacteroidetes,cytophagia,cytophagales,cytophagaceae,pontibacter,pontibacter spp.,late C,mid G,OTU,lC_vs_mG
264,OTU_467,3.00224544041225,1.88826370272969,1.55304638781695,4.49890666608933e-05,0.000402093706850521,bacteria,proteobacteria,alphaproteobacteria,rhodospirillales,rhodospirillaceae,magnetospirillum,magnetospirillum sp.,late C,mid G,OTU,lC_vs_mG
265,OTU_484,1.56696629683253,1.42298002069824,1.05549643021667,0.00855731884214856,0.0172258972161785,bacteria,verrucomicrobia,opitutae,opitutales,opitutaceae,opitutus,opitutus spp.,late C,mid G,OTU,lC_vs_mG
266,OTU_521,3.43844007767098,3.29733131132905,0.986031510067763,0.0106585334170473,0.0206961953464387,bacteria,firmicutes,clostridia,clostridiales,eubacteriaceae,eubacterium,eubacterium sp.,late C,mid G,OTU,lC_vs_mG
267,OTU_548,2.19761114099653,1.49643668727462,1.41440264983247,0.000804607157548334,0.00262556157810497,bacteria,proteobacteria,alphaproteobacteria,rhizobiales,methylocystaceae,pleomorphomonas,pleomorphomonas oryzae,late C,mid G,OTU,lC_vs_mG
268,OTU_569,2.31219203338831,1.5654466013219,1.2804154410532,0.00508677390720734,0.0109742484058692,bacteria,proteobacteria,alphaproteobacteria,caulobacterales,caulobacteraceae,caulobacter,caulobacter spp.,late C,mid G,OTU,lC_vs_mG
269,OTU_6,3.05169007038226,1.96013335834098,1.6191324373396,9.62566844919786e-05,0.000626961094082595,bacteria,proteobacteria,alphaproteobacteria,rhodospirillales,rhodospirillaceae,magnetospirillum,magnetospirillum sp.,late C,mid G,OTU,lC_vs_mG
270,OTU_608,3.50303621074866,2.24426285945622,1.49139908470106,7.83736387451558e-05,0.000537243477581545,bacteria,proteobacteria,alphaproteobacteria,rhodospirillales,rhodospirillaceae,magnetospirillum,magnetospirillum sp.,late C,mid G,OTU,lC_vs_mG
271,OTU_67,3.16318461220699,1.84773839932133,1.61101747911518,0.000112645868063825,0.000663130847064378,bacteria,proteobacteria,alphaproteobacteria,rhodospirillales,rhodospirillaceae,magnetospirillum,magnetospirillum sp.,late C,mid G,OTU,lC_vs_mG
272,OTU_9,3.55068298659286,3.30643392859357,1.06896181439092,0.00208789971638269,0.00559910930785843,bacteria,firmicutes,clostridia,clostridiales,eubacteriaceae,eubacterium,eubacterium sp.,late C,mid G,OTU,lC_vs_mG
273,OTU_10,-1.92172771324542,1.31240838059213,-1.48937334839403,0.000143650982660271,0.000776007904762075,bacteria,bacteroidetes,cytophagia,cytophagales,cytophagaceae,pontibacter,pontibacter spp.,late C,mid M,OTU,lC_vs_mM
274,OTU_107,-1.77701809772015,1.17999265210209,-1.50637776112313,0.000230559430249833,0.000982630782876877,bacteria,proteobacteria,alphaproteobacteria,rhizobiales,bradyrhizobiaceae,rhodopseudomonas,rhodopseudomonas palustris,late C,mid M,OTU,lC_vs_mM
275,OTU_11,-2.68391043230304,1.9403781456025,-1.34951705980641,0.000992175007654884,0.00279872330382267,bacteria,proteobacteria,alphaproteobacteria,rhodospirillales,acetobacteraceae,acetobacter,acetobacter spp.,late C,mid M,OTU,lC_vs_mM
276,OTU_116,-2.35287639945532,2.20552867101639,-1.04475849140033,0.00239325689790086,0.00503628760211416,bacteria,proteobacteria,alphaproteobacteria,rhodospirillales,acetobacteraceae,acetobacter,acetobacter spp.,late C,mid M,OTU,lC_vs_mM
277,OTU_12,-2.36624291640622,2.83378505235077,-0.794531488462548,0.00584951632474852,0.0106282905793896,bacteria,bacteroidetes,bacteroidia,bacteroidales,porphyromonadaceae,paludibacter,paludibacter propionicigenes,late C,mid M,OTU,lC_vs_mM
278,OTU_13,-1.8571887749925,1.89279820115508,-0.899742011437479,0.00997887252066819,0.0165502492633166,bacteria,bacteroidetes,bacteroidia,bacteroidales,bacteroidaceae,bacteroides,bacteroides spp.,late C,mid M,OTU,lC_vs_mM
279,OTU_136,0.949696820310002,1.18782530190673,0.737519617098673,0.0152137130155706,0.0236413746503561,bacteria,proteobacteria,alphaproteobacteria,rhizobiales,bradyrhizobiaceae,rhodoblastus,rhodoblastus acidophilus,late C,mid M,OTU,lC_vs_mM
280,OTU_15,-5.73441014412495,2.13032048829431,-2.57921435275083,2.60209346896653e-05,0.000279349532108267,bacteria,spirochaetes,spirochaetia,spirochaetales,spirochaetaceae,spirochaeta,spirochaeta spp.,late C,mid M,OTU,lC_vs_mM
281,OTU_20,-1.69026105724886,1.9456014028863,-0.788976410521439,0.0210656278705814,0.031558696865574,bacteria,actinobacteria,actinobacteria,actinomycetales,nocardioidaceae,propionicimonas,propionicimonas paludicola,late C,mid M,OTU,lC_vs_mM
282,OTU_211,-2.20095592972296,1.53452451813048,-1.51681189411828,0.000203427119835789,0.000954785495753513,bacteria,bacteroidetes,cytophagia,cytophagales,cytophagaceae,pontibacter,pontibacter sp.,late C,mid M,OTU,lC_vs_mM
283,OTU_22,-5.80467892349759,3.64896506482409,-1.42209825843821,0.000726658274645891,0.00216697035476468,bacteria,firmicutes,clostridia,clostridiales,ruminococcaceae,ruminococcus,ruminococcus spp.,late C,mid M,OTU,lC_vs_mM
284,OTU_222,2.44749952911396,2.4435942290336,1.01677789456902,0.0027808661926309,0.00585136837008594,bacteria,proteobacteria,alphaproteobacteria,rhodospirillales,rhodospirillaceae,magnetospirillum,magnetospirillum sp.,late C,mid M,OTU,lC_vs_mM
285,OTU_224,-1.93463656123557,1.4510142063717,-1.22140668681005,0.000456809444425544,0.0013582625930343,bacteria,bacteroidetes,cytophagia,cytophagales,cytophagaceae,pontibacter,pontibacter spp.,late C,mid M,OTU,lC_vs_mM
286,OTU_259,1.27851812593109,1.02149890216698,1.23683670106319,0.0015605359552728,0.00373311623594618,bacteria,proteobacteria,alphaproteobacteria,rhizobiales,methylocystaceae,pleomorphomonas,pleomorphomonas oryzae,late C,mid M,OTU,lC_vs_mM
287,OTU_27,1.82687438749804,1.87457392036838,0.902527236738202,0.0105900894770864,0.0167774171943687,bacteria,proteobacteria,alphaproteobacteria,rhizobiales,hyphomicrobiaceae,ancalomicrobium,ancalomicrobium spp.,late C,mid M,OTU,lC_vs_mM
288,OTU_274,-2.78967321709408,2.12992569560037,-1.13306026369413,0.00180393290919607,0.00411989870718988,bacteria,bacteroidetes,cytophagia,cytophagales,cytophagaceae,pontibacter,pontibacter sp.,late C,mid M,OTU,lC_vs_mM
289,OTU_298,-1.91780247048542,1.21307199723868,-1.61260893202799,0.000103068757867519,0.000587020612768903,bacteria,proteobacteria,alphaproteobacteria,rhizobiales,bradyrhizobiaceae,rhodopseudomonas,rhodopseudomonas palustris,late C,mid M,OTU,lC_vs_mM
290,OTU_3,-1.67497890526586,1.10782402120468,-1.56508264192609,0.00010927771918484,0.000642966613786935,bacteria,proteobacteria,alphaproteobacteria,rhizobiales,bradyrhizobiaceae,rhodopseudomonas,rhodopseudomonas palustris,late C,mid M,OTU,lC_vs_mM
291,OTU_30,-1.85685695227878,2.68547724186393,-0.666554822389529,0.0155398734392542,0.0240837239726918,bacteria,bacteroidetes,bacteroidia,bacteroidales,bacteroidaceae,bacteroides,bacteroides spp.,late C,mid M,OTU,lC_vs_mM
292,OTU_315,1.47306111526995,1.43532474620672,0.915069375949373,0.0160013778790869,0.0249039210616097,bacteria,proteobacteria,alphaproteobacteria,rhodospirillales,rhodospirillaceae,magnetospirillum,magnetospirillum sp.,late C,mid M,OTU,lC_vs_mM
293,OTU_36,-2.24967441490655,2.84534339416075,-0.714719730390263,0.0195346737885438,0.0291768731885535,bacteria,bacteroidetes,cytophagia,cytophagales,cytophagaceae,pontibacter,pontibacter salisaro,late C,mid M,OTU,lC_vs_mM
294,OTU_4,1.22033820723064,0.960888619976958,1.1633461893607,0.00229457694008778,0.00493547942900496,bacteria,proteobacteria,alphaproteobacteria,rhizobiales,methylocystaceae,pleomorphomonas,pleomorphomonas oryzae,late C,mid M,OTU,lC_vs_mM
295,OTU_429,2.49465969818013,1.6389230456605,1.51207737182795,5.51151634742966e-05,0.000380687232996552,bacteria,proteobacteria,alphaproteobacteria,rhizobiales,bradyrhizobiaceae,rhodoblastus,rhodoblastus acidophilus,late C,mid M,OTU,lC_vs_mM
296,OTU_437,-1.89811311858879,0.803653867410668,-2.40587158171203,5.70430601390354e-06,0.000157278840461061,bacteria,proteobacteria,alphaproteobacteria,rhizobiales,bradyrhizobiaceae,rhodopseudomonas,rhodopseudomonas palustris,late C,mid M,OTU,lC_vs_mM
297,OTU_457,-2.0099694970475,1.44473029339445,-1.31129050780023,0.00109820365393121,0.0027968140338855,bacteria,bacteroidetes,cytophagia,cytophagales,cytophagaceae,pontibacter,pontibacter spp.,late C,mid M,OTU,lC_vs_mM
298,OTU_467,2.38446029639325,2.39581177149003,0.915270962078913,0.0017064607219406,0.00391034281639694,bacteria,proteobacteria,alphaproteobacteria,rhodospirillales,rhodospirillaceae,magnetospirillum,magnetospirillum sp.,late C,mid M,OTU,lC_vs_mM
299,OTU_484,1.14670769438506,1.21429192693407,0.882547283489992,0.019870802572041,0.030229979058121,bacteria,verrucomicrobia,opitutae,opitutales,opitutaceae,opitutus,opitutus spp.,late C,mid M,OTU,lC_vs_mM
300,OTU_5,1.7979550258952,1.23949399832213,1.50412690146755,1.07792104696129e-05,0.00017618759154584,bacteria,proteobacteria,alphaproteobacteria,rhizobiales,bradyrhizobiaceae,rhodoblastus,rhodoblastus acidophilus,late C,mid M,OTU,lC_vs_mM
301,OTU_548,1.67899091353624,1.24477468790245,1.29563367714567,0.000459746651697116,0.00135870997611042,bacteria,proteobacteria,alphaproteobacteria,rhizobiales,methylocystaceae,pleomorphomonas,pleomorphomonas oryzae,late C,mid M,OTU,lC_vs_mM
302,OTU_584,-3.43995623199545,2.90649603186401,-1.1007958681678,0.00118642760748024,0.00297168623989631,bacteria,bacteroidetes,bacteroidia,bacteroidales,bacteroidaceae,bacteroides,bacteroides spp.,late C,mid M,OTU,lC_vs_mM
303,OTU_6,2.37572330672493,2.32589439421525,1.03173193122451,0.00284466823166514,0.00597632960734145,bacteria,proteobacteria,alphaproteobacteria,rhodospirillales,rhodospirillaceae,magnetospirillum,magnetospirillum sp.,late C,mid M,OTU,lC_vs_mM
304,OTU_608,2.69553365868028,2.58271321266776,0.931501876276327,0.00139870037083659,0.00342607140825929,bacteria,proteobacteria,alphaproteobacteria,rhodospirillales,rhodospirillaceae,magnetospirillum,magnetospirillum sp.,late C,mid M,OTU,lC_vs_mM
305,OTU_67,2.55417285791891,2.38314150793868,1.03954291321719,0.00203779244491319,0.0045078434190798,bacteria,proteobacteria,alphaproteobacteria,rhodospirillales,rhodospirillaceae,magnetospirillum,magnetospirillum sp.,late C,mid M,OTU,lC_vs_mM
306,OTU_8,-3.35475721319726,2.3746361560109,-1.34958061533227,0.000250496149876955,0.00111706637502633,bacteria,bacteroidetes,bacteroidia,bacteroidales,bacteroidaceae,bacteroides,bacteroides spp.,late C,mid M,OTU,lC_vs_mM
307,OTU_87,-1.25876260755147,0.970463726548075,-1.18718973323385,0.00350278977987956,0.00669482446936882,bacteria,proteobacteria,alphaproteobacteria,rhizobiales,bradyrhizobiaceae,rhodopseudomonas,rhodopseudomonas palustris,late C,mid M,OTU,lC_vs_mM
