	kingdom	phylum	class	order	family	genus	species
OTU_1	Bacteria	k_Bacteria	k_Bacteria	k_Bacteria	k_Bacteria	k_Bacteria	k_Bacteria
OTU_2	Bacteria	Acidobacteria	p_Acidobacteria	p_Acidobacteria	p_Acidobacteria	p_Acidobacteria	p_Acidobacteria
OTU_3	Bacteria	Acidobacteria	Acidobacteriia	Acidobacteriales	o_Acidobacteriales	o_Acidobacteriales	o_Acidobacteriales
OTU_4	Bacteria	Acidobacteria	Acidobacteriia	Acidobacteriales	Acidobacteriaceae	Acidicapsa	g_Acidicapsa
OTU_5	Bacteria	Acidobacteria	Acidobacteriia	Acidobacteriales	Acidobacteriaceae	Terriglobus	g_Terriglobus
OTU_6	Bacteria	Acidobacteria	p_Acidobacteria	p_Acidobacteria	p_Acidobacteria	Bryobacter	g_Bryobacter
OTU_7	Bacteria	Actinobacteria	p_Actinobacteria	p_Actinobacteria	p_Actinobacteria	p_Actinobacteria	p_Actinobacteria
OTU_8	Bacteria	Actinobacteria	Actinobacteria	Actinomycetales	Actinomycetaceae	Actinobaculum	g_Actinobaculum
OTU_9	Bacteria	Actinobacteria	Actinobacteria	Corynebacteriales	Corynebacteriaceae	Corynebacterium	g_Corynebacterium
OTU_10	Bacteria	Actinobacteria	Actinobacteria	Corynebacteriales	Corynebacteriaceae	Corynebacterium	g_Corynebacterium
OTU_11	Bacteria	Actinobacteria	Actinobacteria	Corynebacteriales	Mycobacteriaceae	Mycobacterium	g_Mycobacterium
OTU_12	Bacteria	Actinobacteria	Actinobacteria	Corynebacteriales	Nocardiaceae	Rhodococcus	g_Rhodococcus
OTU_13	Bacteria	Actinobacteria	Actinobacteria	Micrococcales	Brevibacteriaceae	Brevibacterium	g_Brevibacterium
OTU_14	Bacteria	Actinobacteria	Actinobacteria	Micrococcales	o_Micrococcales	o_Micrococcales	o_Micrococcales
OTU_15	Bacteria	Actinobacteria	Actinobacteria	Micrococcales	Micrococcaceae	Arthrobacter	g_Arthrobacter
OTU_16	Bacteria	Actinobacteria	Actinobacteria	Propionibacteriales	Propionibacteriaceae	f_Propionibacteriaceae	f_Propionibacteriaceae
OTU_17	Bacteria	Actinobacteria	Actinobacteria	Propionibacteriales	Propionibacteriaceae	Propionibacterium	g_Propionibacterium
OTU_18	Bacteria	Actinobacteria	Actinobacteria	Propionibacteriales	Propionibacteriaceae	Propionibacterium	g_Propionibacterium
OTU_19	Bacteria	Actinobacteria	Actinobacteria	Propionibacteriales	Propionibacteriaceae	Propionicicella	g_Propionicicella
OTU_20	Bacteria	Actinobacteria	Actinobacteria	Propionibacteriales	Propionibacteriaceae	f_Propionibacteriaceae	paludicola
OTU_21	Bacteria	Bacteroidetes	p_Bacteroidetes	p_Bacteroidetes	p_Bacteroidetes	p_Bacteroidetes	p_Bacteroidetes
OTU_22	Bacteria	Bacteroidetes	Bacteroidia	Bacteroidales	o_Bacteroidales	o_Bacteroidales	o_Bacteroidales
OTU_23	Bacteria	Bacteroidetes	Bacteroidia	Bacteroidales	Bacteroidaceae	Bacteroides	g_Bacteroides
OTU_24	Bacteria	Bacteroidetes	Bacteroidia	Bacteroidales	Bacteroidaceae	Bacteroides	g_Bacteroides
OTU_25	Bacteria	Bacteroidetes	Bacteroidia	Bacteroidales	Marinilabiaceae	f_Marinilabiaceae	f_Marinilabiaceae
OTU_26	Bacteria	Bacteroidetes	Bacteroidia	Bacteroidales	Marinilabiaceae	Alkaliflexus	g_Alkaliflexus
OTU_27	Bacteria	Bacteroidetes	Bacteroidia	Bacteroidales	Marinilabiaceae	Mangroviflexus	g_Mangroviflexus
OTU_28	Bacteria	Bacteroidetes	Bacteroidia	Bacteroidales	Marinilabiaceae	Marinifilum	g_Marinifilum
OTU_29	Bacteria	Bacteroidetes	Bacteroidia	Bacteroidales	Marinilabiaceae	Marinifilum	flexuosum
OTU_30	Bacteria	Bacteroidetes	Bacteroidia	Bacteroidales	o_Bacteroidales	o_Bacteroidales	o_Bacteroidales
OTU_31	Bacteria	Bacteroidetes	Bacteroidia	Bacteroidales	o_Bacteroidales	o_Bacteroidales	o_Bacteroidales
OTU_32	Bacteria	Bacteroidetes	Bacteroidia	Bacteroidales	o_Bacteroidales	o_Bacteroidales	mossii
OTU_33	Bacteria	Bacteroidetes	Bacteroidia	Bacteroidales	o_Bacteroidales	Macellibacteroides	g_Macellibacteroides
OTU_34	Bacteria	Bacteroidetes	Bacteroidia	Bacteroidales	o_Bacteroidales	Paludibacter	g_Paludibacter
OTU_35	Bacteria	Bacteroidetes	Bacteroidia	Bacteroidales	o_Bacteroidales	Paludibacter	propionicigenes
OTU_36	Bacteria	Bacteroidetes	Bacteroidia	Bacteroidales	Prevotellaceae	f_Prevotellaceae	f_Prevotellaceae
OTU_37	Bacteria	Bacteroidetes	Bacteroidia	Bacteroidales	Prevotellaceae	Prevotella	g_Prevotella
OTU_38	Bacteria	Bacteroidetes	Bacteroidia	Bacteroidales	Rikenellaceae	f_Rikenellaceae	f_Rikenellaceae
OTU_39	Bacteria	Bacteroidetes	Cytophagia	Cytophagales	Cytophagaceae	f_Cytophagaceae	f_Cytophagaceae
OTU_40	Bacteria	Bacteroidetes	Flavobacteriia	Flavobacteriales	Cryomorphaceae	Fluviicola	g_Fluviicola
OTU_41	Bacteria	Bacteroidetes	Flavobacteriia	Flavobacteriales	Cryomorphaceae	Owenweeksia	g_Owenweeksia
OTU_42	Bacteria	Bacteroidetes	Flavobacteriia	Flavobacteriales	Flavobacteriaceae	f_Flavobacteriaceae	f_Flavobacteriaceae
OTU_43	Bacteria	Bacteroidetes	Flavobacteriia	Flavobacteriales	Flavobacteriaceae	Chryseobacterium	g_Chryseobacterium
OTU_44	Bacteria	Bacteroidetes	Flavobacteriia	Flavobacteriales	Flavobacteriaceae	Cloacibacterium	g_Cloacibacterium
OTU_45	Bacteria	Bacteroidetes	Flavobacteriia	Flavobacteriales	Flavobacteriaceae	Cloacibacterium	R091
OTU_46	Bacteria	Bacteroidetes	Flavobacteriia	Flavobacteriales	Flavobacteriaceae	Cloacibacterium	rupense
OTU_47	Bacteria	Bacteroidetes	Flavobacteriia	Flavobacteriales	Flavobacteriaceae	Cloacibacterium	g_Cloacibacterium
OTU_48	Bacteria	Bacteroidetes	Flavobacteriia	Flavobacteriales	Flavobacteriaceae	Elizabethkingia	g_Elizabethkingia
OTU_49	Bacteria	Bacteroidetes	Flavobacteriia	Flavobacteriales	Flavobacteriaceae	f_Flavobacteriaceae	f_Flavobacteriaceae
OTU_50	Bacteria	Bacteroidetes	Flavobacteriia	Flavobacteriales	Flavobacteriaceae	f_Flavobacteriaceae	discolor
OTU_51	Bacteria	Bacteroidetes	Sphingobacteriia	Sphingobacteriales	o_Sphingobacteriales	o_Sphingobacteriales	o_Sphingobacteriales
OTU_52	Bacteria	Bacteroidetes	Sphingobacteriia	Sphingobacteriales	Chitinophagaceae	f_Chitinophagaceae	f_Chitinophagaceae
OTU_53	Bacteria	Bacteroidetes	Sphingobacteriia	Sphingobacteriales	Chitinophagaceae	f_Chitinophagaceae	f_Chitinophagaceae
OTU_54	Bacteria	Bacteroidetes	Sphingobacteriia	Sphingobacteriales	Saprospiraceae	f_Saprospiraceae	f_Saprospiraceae
OTU_55	Bacteria	Bacteroidetes	Sphingobacteriia	Sphingobacteriales	Sphingobacteriaceae	Sphingobacterium	g_Sphingobacterium
OTU_56	Bacteria	Bacteroidetes	p_Bacteroidetes	p_Bacteroidetes	p_Bacteroidetes	Prolixibacter	g_Prolixibacter
OTU_57	Bacteria	Bacteroidetes	p_Bacteroidetes	p_Bacteroidetes	p_Bacteroidetes	Prolixibacter	bellariivorans
OTU_58	Bacteria	Chlorobi	Chlorobia	Chlorobiales	o_Chlorobiales	o_Chlorobiales	o_Chlorobiales
OTU_59	Bacteria	Chlorobi	Chlorobia	Chlorobiales	Chlorobiaceae	Chlorobaculum	g_Chlorobaculum
OTU_60	Bacteria	Chlorobi	Chlorobia	Chlorobiales	Chlorobiaceae	Chlorobaculum	parvum
OTU_61	Bacteria	Chlorobi	Chlorobia	Chlorobiales	Chlorobiaceae	Chlorobium	g_Chlorobium
OTU_62	Bacteria	Chlorobi	Chlorobia	Chlorobiales	Chlorobiaceae	Chloroherpeton	thalassium
OTU_63	Bacteria	Chloroflexi	p_Chloroflexi	p_Chloroflexi	p_Chloroflexi	p_Chloroflexi	p_Chloroflexi
OTU_64	Bacteria	Chloroflexi	p_Chloroflexi	p_Chloroflexi	p_Chloroflexi	p_Chloroflexi	p_Chloroflexi
OTU_65	Bacteria	Chloroflexi	Chloroflexi	c_Chloroflexi	c_Chloroflexi	c_Chloroflexi	c_Chloroflexi
OTU_66	Bacteria	Chloroflexi	Dehalococcoidia	Dehalococcoidales	o_Dehalococcoidales	o_Dehalococcoidales	o_Dehalococcoidales
OTU_67	Bacteria	Chloroflexi	Ktedonobacteria	Ktedonobacterales	Ktedonobacteraceae	f_Ktedonobacteraceae	f_Ktedonobacteraceae
OTU_68	Bacteria	Cyanobacteria	p_Cyanobacteria	p_Cyanobacteria	p_Cyanobacteria	p_Cyanobacteria	p_Cyanobacteria
OTU_69	Bacteria	Cyanobacteria	p_Cyanobacteria	Chroococcales	o_Chroococcales	Synechococcus	g_Synechococcus
OTU_70	Bacteria	Cyanobacteria	p_Cyanobacteria	Chroococcales	o_Chroococcales	Synechococcus	MBIC10007
OTU_71	Bacteria	Cyanobacteria	p_Cyanobacteria	Chroococcales	o_Chroococcales	Synechococcus	WH_5701
OTU_72	Bacteria	Cyanobacteria	p_Cyanobacteria	Prochlorales	Prochlorococcaceae	Prochlorococcus	g_Prochlorococcus
OTU_73	Bacteria	Deferribacteres	Deferribacteres	Deferribacterales	Deferribacteraceae	Denitrovibrio	g_Denitrovibrio
OTU_74	Bacteria	Deferribacteres	Deferribacteres	Deferribacterales	Deferribacteraceae	Denitrovibrio	acetiphilus
OTU_75	Bacteria	Elusimicrobia	p_Elusimicrobia	p_Elusimicrobia	p_Elusimicrobia	p_Elusimicrobia	p_Elusimicrobia
OTU_76	Bacteria	Fibrobacteres	Fibrobacteria	Fibrobacterales	o_Fibrobacterales	o_Fibrobacterales	o_Fibrobacterales
OTU_77	Bacteria	Fibrobacteres	Fibrobacteria	Fibrobacterales	Fibrobacteraceae	f_Fibrobacteraceae	f_Fibrobacteraceae
OTU_78	Bacteria	Fibrobacteres	Fibrobacteria	Fibrobacterales	Fibrobacteraceae	Fibrobacter	g_Fibrobacter
OTU_79	Bacteria	Firmicutes	Bacilli	Bacillales	Bacillaceae	Halobacillus	g_Halobacillus
OTU_80	Bacteria	Firmicutes	Bacilli	Bacillales	Paenibacillaceae	Paenibacillus	humicus
OTU_81	Bacteria	Firmicutes	Bacilli	Bacillales	Staphylococcaceae	Staphylococcus	g_Staphylococcus
OTU_82	Bacteria	Firmicutes	Bacilli	Bacillales	Staphylococcaceae	Staphylococcus	g_Staphylococcus
OTU_83	Bacteria	Firmicutes	Bacilli	Bacillales	o_Bacillales	Gemella	g_Gemella
OTU_84	Bacteria	Firmicutes	Bacilli	Lactobacillales	Aerococcaceae	Aerococcus	g_Aerococcus
OTU_85	Bacteria	Firmicutes	Bacilli	Lactobacillales	Carnobacteriaceae	Atopostipes	g_Atopostipes
OTU_86	Bacteria	Firmicutes	Bacilli	Lactobacillales	Enterococcaceae	Enterococcus	faecalis
OTU_87	Bacteria	Firmicutes	Bacilli	Lactobacillales	Enterococcaceae	Enterococcus	g_Enterococcus
OTU_88	Bacteria	Firmicutes	Bacilli	Lactobacillales	Enterococcaceae	Vagococcus	fluvialis
OTU_89	Bacteria	Firmicutes	Bacilli	Lactobacillales	Lactobacillaceae	Lactobacillus	g_Lactobacillus
OTU_90	Bacteria	Firmicutes	Bacilli	Lactobacillales	Lactobacillaceae	Lactobacillus	g_Lactobacillus
OTU_91	Bacteria	Firmicutes	Bacilli	Lactobacillales	Streptococcaceae	Lactococcus	lactis
OTU_92	Bacteria	Firmicutes	Bacilli	Lactobacillales	Streptococcaceae	Streptococcus	g_Streptococcus
OTU_93	Bacteria	Firmicutes	Bacilli	Lactobacillales	Streptococcaceae	Streptococcus	g_Streptococcus
OTU_94	Bacteria	Firmicutes	Clostridia	Clostridiales	o_Clostridiales	o_Clostridiales	o_Clostridiales
OTU_95	Bacteria	Firmicutes	Clostridia	Clostridiales	Christensenellaceae	f_Christensenellaceae	f_Christensenellaceae
OTU_96	Bacteria	Firmicutes	Clostridia	Clostridiales	Clostridiaceae	Guggenheimella	g_Guggenheimella
OTU_97	Bacteria	Firmicutes	Clostridia	Clostridiales	Clostridiaceae_1	Clostridium_sensu_stricto_10	g_Clostridium_sensu_stricto_10
OTU_98	Bacteria	Firmicutes	Clostridia	Clostridiales	Defluviitaleaceae	f_Defluviitaleaceae	f_Defluviitaleaceae
OTU_99	Bacteria	Firmicutes	Clostridia	Clostridiales	Lachnospiraceae	f_Lachnospiraceae	f_Lachnospiraceae
OTU_100	Bacteria	Firmicutes	Clostridia	Clostridiales	Lachnospiraceae	f_Lachnospiraceae	f_Lachnospiraceae
OTU_101	Bacteria	Firmicutes	Clostridia	Clostridiales	Peptococcaceae	Desulfotomaculum	g_Desulfotomaculum
OTU_102	Bacteria	Firmicutes	Clostridia	Clostridiales	Peptostreptococcaceae	f_Peptostreptococcaceae	f_Peptostreptococcaceae
OTU_103	Bacteria	Firmicutes	Clostridia	Clostridiales	Peptostreptococcaceae	f_Peptostreptococcaceae	f_Peptostreptococcaceae
OTU_104	Bacteria	Firmicutes	Clostridia	Clostridiales	Peptostreptococcaceae	f_Peptostreptococcaceae	8404299
OTU_105	Bacteria	Firmicutes	Clostridia	Clostridiales	Peptostreptococcaceae	Fusibacter	g_Fusibacter
OTU_106	Bacteria	Firmicutes	Clostridia	Clostridiales	Peptostreptococcaceae	Fusibacter	3-D3-R-P8ASC2010
OTU_107	Bacteria	Firmicutes	Clostridia	Clostridiales	Peptostreptococcaceae	f_Peptostreptococcaceae	f_Peptostreptococcaceae
OTU_108	Bacteria	Firmicutes	Clostridia	Clostridiales	Ruminococcaceae	f_Ruminococcaceae	f_Ruminococcaceae
OTU_109	Bacteria	Firmicutes	Clostridia	Clostridiales	Ruminococcaceae	Incertae_Sedis	g_Incertae_Sedis
OTU_110	Bacteria	Firmicutes	Clostridia	Clostridiales	o_Clostridiales	Dethiosulfatibacter	g_Dethiosulfatibacter
OTU_111	Bacteria	Firmicutes	Erysipelotrichia	Erysipelotrichales	Erysipelotrichaceae	Erysipelothrix	g_Erysipelothrix
OTU_112	Bacteria	Firmicutes	Erysipelotrichia	Erysipelotrichales	Erysipelotrichaceae	f_Erysipelotrichaceae	f_Erysipelotrichaceae
OTU_113	Bacteria	Firmicutes	Negativicutes	c_Negativicutes	Veillonellaceae	f_Veillonellaceae	f_Veillonellaceae
OTU_114	Bacteria	Firmicutes	Negativicutes	c_Negativicutes	Veillonellaceae	Veillonella	g_Veillonella
OTU_115	Bacteria	k_Bacteria	k_Bacteria	k_Bacteria	k_Bacteria	k_Bacteria	k_Bacteria
OTU_116	Bacteria	Planctomycetes	p_Planctomycetes	p_Planctomycetes	p_Planctomycetes	p_Planctomycetes	p_Planctomycetes
OTU_117	Bacteria	Planctomycetes	Phycisphaerae	c_Phycisphaerae	c_Phycisphaerae	c_Phycisphaerae	c_Phycisphaerae
OTU_118	Bacteria	Planctomycetes	Phycisphaerae	Phycisphaerales	o_Phycisphaerales	o_Phycisphaerales	o_Phycisphaerales
OTU_119	Bacteria	Planctomycetes	Phycisphaerae	Phycisphaerales	Phycisphaeraceae	f_Phycisphaeraceae	f_Phycisphaeraceae
OTU_120	Bacteria	Planctomycetes	Planctomycetacia	Planctomycetales	Planctomycetaceae	f_Planctomycetaceae	f_Planctomycetaceae
OTU_121	Bacteria	Planctomycetes	Planctomycetacia	Planctomycetales	Planctomycetaceae	Rhodopirellula	g_Rhodopirellula
OTU_122	Bacteria	Proteobacteria	p_Proteobacteria	p_Proteobacteria	p_Proteobacteria	p_Proteobacteria	p_Proteobacteria
OTU_123	Bacteria	Proteobacteria	Alphaproteobacteria	c_Alphaproteobacteria	c_Alphaproteobacteria	c_Alphaproteobacteria	c_Alphaproteobacteria
OTU_124	Bacteria	Proteobacteria	Alphaproteobacteria	Rhizobiales	o_Rhizobiales	o_Rhizobiales	o_Rhizobiales
OTU_125	Bacteria	Proteobacteria	Alphaproteobacteria	Rhizobiales	Beijerinckiaceae	f_Beijerinckiaceae	f_Beijerinckiaceae
OTU_126	Bacteria	Proteobacteria	Alphaproteobacteria	Rhizobiales	Bradyrhizobiaceae	f_Bradyrhizobiaceae	f_Bradyrhizobiaceae
OTU_127	Bacteria	Proteobacteria	Alphaproteobacteria	Rhizobiales	Bradyrhizobiaceae	Bradyrhizobium	g_Bradyrhizobium
OTU_128	Bacteria	Proteobacteria	Alphaproteobacteria	Rhizobiales	Bradyrhizobiaceae	Nitrobacter	g_Nitrobacter
OTU_129	Bacteria	Proteobacteria	Alphaproteobacteria	Rhizobiales	Bradyrhizobiaceae	Rhodoblastus	g_Rhodoblastus
OTU_130	Bacteria	Proteobacteria	Alphaproteobacteria	Rhizobiales	Bradyrhizobiaceae	Rhodoblastus	acidophilus
OTU_131	Bacteria	Proteobacteria	Alphaproteobacteria	Rhizobiales	Bradyrhizobiaceae	Rhodoblastus	sphagnicola
OTU_132	Bacteria	Proteobacteria	Alphaproteobacteria	Rhizobiales	Bradyrhizobiaceae	f_Bradyrhizobiaceae	f_Bradyrhizobiaceae
OTU_133	Bacteria	Proteobacteria	Alphaproteobacteria	Rhizobiales	Bradyrhizobiaceae	f_Bradyrhizobiaceae	F-1
OTU_134	Bacteria	Proteobacteria	Alphaproteobacteria	Rhizobiales	Bradyrhizobiaceae	f_Bradyrhizobiaceae	NTUIOB_TPP1
OTU_135	Bacteria	Proteobacteria	Alphaproteobacteria	Rhizobiales	Bradyrhizobiaceae	f_Bradyrhizobiaceae	palustris
OTU_136	Bacteria	Proteobacteria	Alphaproteobacteria	Rhizobiales	Bradyrhizobiaceae	f_Bradyrhizobiaceae	f_Bradyrhizobiaceae
OTU_137	Bacteria	Proteobacteria	Alphaproteobacteria	Rhizobiales	Bradyrhizobiaceae	f_Bradyrhizobiaceae	rhenobacensis
OTU_138	Bacteria	Proteobacteria	Alphaproteobacteria	Rhizobiales	Bradyrhizobiaceae	f_Bradyrhizobiaceae	f_Bradyrhizobiaceae
OTU_139	Bacteria	Proteobacteria	Alphaproteobacteria	Rhizobiales	Bradyrhizobiaceae	Tardiphaga	g_Tardiphaga
OTU_140	Bacteria	Proteobacteria	Alphaproteobacteria	Rhizobiales	Hyphomicrobiaceae	f_Hyphomicrobiaceae	f_Hyphomicrobiaceae
OTU_141	Bacteria	Proteobacteria	Alphaproteobacteria	Rhizobiales	Hyphomicrobiaceae	Ancalomicrobium	g_Ancalomicrobium
OTU_142	Bacteria	Proteobacteria	Alphaproteobacteria	Rhizobiales	Hyphomicrobiaceae	Rhodomicrobium	g_Rhodomicrobium
OTU_143	Bacteria	Proteobacteria	Alphaproteobacteria	Rhizobiales	Hyphomicrobiaceae	Rhodoplanes	g_Rhodoplanes
OTU_144	Bacteria	Proteobacteria	Alphaproteobacteria	Rhizobiales	Hyphomicrobiaceae	Rhodoplanes	FZ35
OTU_145	Bacteria	Proteobacteria	Alphaproteobacteria	Rhizobiales	Methylobacteriaceae	Methylobacterium	g_Methylobacterium
OTU_146	Bacteria	Proteobacteria	Alphaproteobacteria	Rhizobiales	Methylocystaceae	f_Methylocystaceae	f_Methylocystaceae
OTU_147	Bacteria	Proteobacteria	Alphaproteobacteria	Rhizobiales	Methylocystaceae	f_Methylocystaceae	koreensis
OTU_148	Bacteria	Proteobacteria	Alphaproteobacteria	Rhizobiales	Methylocystaceae	f_Methylocystaceae	oryzae
OTU_149	Bacteria	Proteobacteria	Alphaproteobacteria	Rhizobiales	Phyllobacteriaceae	Cohaesibacter	g_Cohaesibacter
OTU_150	Bacteria	Proteobacteria	Alphaproteobacteria	Rhizobiales	Phyllobacteriaceae	Cohaesibacter	SJH-001
OTU_151	Bacteria	Proteobacteria	Alphaproteobacteria	Rhizobiales	Phyllobacteriaceae	Phyllobacterium	g_Phyllobacterium
OTU_152	Bacteria	Proteobacteria	Alphaproteobacteria	Rhizobiales	Rhizobiaceae	Rhizobium	g_Rhizobium
OTU_153	Bacteria	Proteobacteria	Alphaproteobacteria	Rhizobiales	Xanthobacteraceae	f_Xanthobacteraceae	f_Xanthobacteraceae
OTU_154	Bacteria	Proteobacteria	Alphaproteobacteria	Rhodobacterales	Rhodobacteraceae	f_Rhodobacteraceae	f_Rhodobacteraceae
OTU_155	Bacteria	Proteobacteria	Alphaproteobacteria	Rhodobacterales	Rhodobacteraceae	Gemmobacter	g_Gemmobacter
OTU_156	Bacteria	Proteobacteria	Alphaproteobacteria	Rhodobacterales	Rhodobacteraceae	Haematobacter	g_Haematobacter
OTU_157	Bacteria	Proteobacteria	Alphaproteobacteria	Rhodobacterales	Rhodobacteraceae	Pseudorhodobacter	g_Pseudorhodobacter
OTU_158	Bacteria	Proteobacteria	Alphaproteobacteria	Rhodobacterales	Rhodobacteraceae	Pseudoruegeria	g_Pseudoruegeria
OTU_159	Bacteria	Proteobacteria	Alphaproteobacteria	Rhodobacterales	Rhodobacteraceae	Rhodobacter	g_Rhodobacter
OTU_160	Bacteria	Proteobacteria	Alphaproteobacteria	Rhodobacterales	Rhodobacteraceae	Rhodobacter	TCRI
OTU_161	Bacteria	Proteobacteria	Alphaproteobacteria	Rhodobacterales	Rhodobacteraceae	Rhodobacter	capsulatus
OTU_162	Bacteria	Proteobacteria	Alphaproteobacteria	Rhodobacterales	Rhodobacteraceae	Rhodobacter	g_Rhodobacter
OTU_163	Bacteria	Proteobacteria	Alphaproteobacteria	Rhodobacterales	Rhodobacteraceae	Rhodovulum	g_Rhodovulum
OTU_164	Bacteria	Proteobacteria	Alphaproteobacteria	Rhodobacterales	Rhodobacteraceae	Rhodovulum	AK41
OTU_165	Bacteria	Proteobacteria	Alphaproteobacteria	Rhodobacterales	Rhodobacteraceae	Rhodovulum	marinum
OTU_166	Bacteria	Proteobacteria	Alphaproteobacteria	Rhodobacterales	Rhodobacteraceae	Rhodovulum	sulfidophilum
OTU_167	Bacteria	Proteobacteria	Alphaproteobacteria	Rhodobacterales	Rhodobacteraceae	Tabrizicola	g_Tabrizicola
OTU_168	Bacteria	Proteobacteria	Alphaproteobacteria	Rhodospirillales	o_Rhodospirillales	o_Rhodospirillales	o_Rhodospirillales
OTU_169	Bacteria	Proteobacteria	Alphaproteobacteria	Rhodospirillales	Acetobacteraceae	f_Acetobacteraceae	16-34
OTU_170	Bacteria	Proteobacteria	Alphaproteobacteria	Rhodospirillales	Rhodospirillaceae	f_Rhodospirillaceae	f_Rhodospirillaceae
OTU_171	Bacteria	Proteobacteria	Alphaproteobacteria	Rhodospirillales	Rhodospirillaceae	Azospirillum	g_Azospirillum
OTU_172	Bacteria	Proteobacteria	Alphaproteobacteria	Rhodospirillales	Rhodospirillaceae	Azospirillum	amazonense
OTU_173	Bacteria	Proteobacteria	Alphaproteobacteria	Rhodospirillales	Rhodospirillaceae	Azospirillum	cf03
OTU_174	Bacteria	Proteobacteria	Alphaproteobacteria	Rhodospirillales	Rhodospirillaceae	Azospirillum	lipoferum
OTU_175	Bacteria	Proteobacteria	Alphaproteobacteria	Rhodospirillales	Rhodospirillaceae	Magnetospirillum	g_Magnetospirillum
OTU_176	Bacteria	Proteobacteria	Alphaproteobacteria	Rhodospirillales	Rhodospirillaceae	Phaeospirillum	g_Phaeospirillum
OTU_177	Bacteria	Proteobacteria	Alphaproteobacteria	Rhodospirillales	Rhodospirillaceae	Phaeospirillum	AK32
OTU_178	Bacteria	Proteobacteria	Alphaproteobacteria	Rhodospirillales	Rhodospirillaceae	Phaeospirillum	cystidoformans
OTU_179	Bacteria	Proteobacteria	Alphaproteobacteria	Rhodospirillales	Rhodospirillaceae	Rhodospirillum	sulfurexigens
OTU_180	Bacteria	Proteobacteria	Alphaproteobacteria	Rhodospirillales	Rhodospirillaceae	Roseospira	g_Roseospira
OTU_181	Bacteria	Proteobacteria	Alphaproteobacteria	Rhodospirillales	Rhodospirillaceae	Skermanella	g_Skermanella
OTU_182	Bacteria	Proteobacteria	Alphaproteobacteria	Rhodospirillales	Rhodospirillaceae	Skermanella	xinjiangensis
OTU_183	Bacteria	Proteobacteria	Alphaproteobacteria	Rhodospirillales	Rhodospirillaceae	Thalassospira	g_Thalassospira
OTU_184	Bacteria	Proteobacteria	Alphaproteobacteria	Rickettsiales	o_Rickettsiales	o_Rickettsiales	o_Rickettsiales
OTU_185	Bacteria	Proteobacteria	Alphaproteobacteria	c_Alphaproteobacteria	Erythrobacteraceae	Altererythrobacter	g_Altererythrobacter
OTU_186	Bacteria	Proteobacteria	Alphaproteobacteria	c_Alphaproteobacteria	Erythrobacteraceae	Porphyrobacter	g_Porphyrobacter
OTU_187	Bacteria	Proteobacteria	Alphaproteobacteria	c_Alphaproteobacteria	Erythrobacteraceae	Porphyrobacter	g_Porphyrobacter
OTU_188	Bacteria	Proteobacteria	Alphaproteobacteria	c_Alphaproteobacteria	c_Alphaproteobacteria	Novosphingobium	g_Novosphingobium
OTU_189	Bacteria	Proteobacteria	Alphaproteobacteria	c_Alphaproteobacteria	c_Alphaproteobacteria	Sandarakinorhabdus	g_Sandarakinorhabdus
OTU_190	Bacteria	Proteobacteria	Alphaproteobacteria	c_Alphaproteobacteria	c_Alphaproteobacteria	Sphingobium	g_Sphingobium
OTU_191	Bacteria	Proteobacteria	Alphaproteobacteria	c_Alphaproteobacteria	c_Alphaproteobacteria	Sphingobium	g_Sphingobium
OTU_192	Bacteria	Proteobacteria	Betaproteobacteria	Burkholderiales	o_Burkholderiales	Achromobacter	g_Achromobacter
OTU_193	Bacteria	Proteobacteria	Betaproteobacteria	Burkholderiales	o_Burkholderiales	Castellaniella	g_Castellaniella
OTU_194	Bacteria	Proteobacteria	Betaproteobacteria	Burkholderiales	o_Burkholderiales	o_Burkholderiales	o_Burkholderiales
OTU_195	Bacteria	Proteobacteria	Betaproteobacteria	Burkholderiales	o_Burkholderiales	Acidovorax	g_Acidovorax
OTU_196	Bacteria	Proteobacteria	Betaproteobacteria	Burkholderiales	o_Burkholderiales	Acidovorax	g_Acidovorax
OTU_197	Bacteria	Proteobacteria	Betaproteobacteria	Burkholderiales	o_Burkholderiales	Albidiferax	g_Albidiferax
OTU_198	Bacteria	Proteobacteria	Betaproteobacteria	Burkholderiales	o_Burkholderiales	Aquabacterium	g_Aquabacterium
OTU_199	Bacteria	Proteobacteria	Betaproteobacteria	Burkholderiales	o_Burkholderiales	Aquincola	g_Aquincola
OTU_200	Bacteria	Proteobacteria	Betaproteobacteria	Burkholderiales	o_Burkholderiales	Aquincola	tertiaricarbonis
OTU_201	Bacteria	Proteobacteria	Betaproteobacteria	Burkholderiales	o_Burkholderiales	Chlorochromatium	g_Chlorochromatium
OTU_202	Bacteria	Proteobacteria	Betaproteobacteria	Burkholderiales	o_Burkholderiales	o_Burkholderiales	o_Burkholderiales
OTU_203	Bacteria	Proteobacteria	Betaproteobacteria	Burkholderiales	o_Burkholderiales	o_Burkholderiales	o_Burkholderiales
OTU_204	Bacteria	Proteobacteria	Betaproteobacteria	Burkholderiales	o_Burkholderiales	Curvibacter	g_Curvibacter
OTU_205	Bacteria	Proteobacteria	Betaproteobacteria	Burkholderiales	o_Burkholderiales	Delftia	g_Delftia
OTU_206	Bacteria	Proteobacteria	Betaproteobacteria	Burkholderiales	o_Burkholderiales	Diaphorobacter	g_Diaphorobacter
OTU_207	Bacteria	Proteobacteria	Betaproteobacteria	Burkholderiales	o_Burkholderiales	Hydrogenophaga	g_Hydrogenophaga
OTU_208	Bacteria	Proteobacteria	Betaproteobacteria	Burkholderiales	o_Burkholderiales	Ideonella	g_Ideonella
OTU_209	Bacteria	Proteobacteria	Betaproteobacteria	Burkholderiales	o_Burkholderiales	Kinneretia	g_Kinneretia
OTU_210	Bacteria	Proteobacteria	Betaproteobacteria	Burkholderiales	o_Burkholderiales	Leptothrix	g_Leptothrix
OTU_211	Bacteria	Proteobacteria	Betaproteobacteria	Burkholderiales	o_Burkholderiales	Leptothrix	FC_170
OTU_212	Bacteria	Proteobacteria	Betaproteobacteria	Burkholderiales	o_Burkholderiales	Leptothrix	HME6321
OTU_213	Bacteria	Proteobacteria	Betaproteobacteria	Burkholderiales	o_Burkholderiales	Limnohabitans	g_Limnohabitans
OTU_214	Bacteria	Proteobacteria	Betaproteobacteria	Burkholderiales	o_Burkholderiales	Mitsuaria	g_Mitsuaria
OTU_215	Bacteria	Proteobacteria	Betaproteobacteria	Burkholderiales	o_Burkholderiales	Ottowia	g_Ottowia
OTU_216	Bacteria	Proteobacteria	Betaproteobacteria	Burkholderiales	o_Burkholderiales	o_Burkholderiales	o_Burkholderiales
OTU_217	Bacteria	Proteobacteria	Betaproteobacteria	Burkholderiales	o_Burkholderiales	Rhodoferax	g_Rhodoferax
OTU_218	Bacteria	Proteobacteria	Betaproteobacteria	Burkholderiales	o_Burkholderiales	Rubrivivax	g_Rubrivivax
OTU_219	Bacteria	Proteobacteria	Betaproteobacteria	Burkholderiales	o_Burkholderiales	Rubrivivax	gelatinosus
OTU_220	Bacteria	Proteobacteria	Betaproteobacteria	Burkholderiales	o_Burkholderiales	Sphaerotilus	g_Sphaerotilus
OTU_221	Bacteria	Proteobacteria	Betaproteobacteria	Burkholderiales	o_Burkholderiales	Variovorax	g_Variovorax
OTU_222	Bacteria	Proteobacteria	Betaproteobacteria	Burkholderiales	o_Burkholderiales	Variovorax	g_Variovorax
OTU_223	Bacteria	Proteobacteria	Betaproteobacteria	Burkholderiales	o_Burkholderiales	o_Burkholderiales	o_Burkholderiales
OTU_224	Bacteria	Proteobacteria	Betaproteobacteria	Burkholderiales	Oxalobacteraceae	Massilia	g_Massilia
OTU_225	Bacteria	Proteobacteria	Betaproteobacteria	Hydrogenophilales	Hydrogenophilaceae	f_Hydrogenophilaceae	f_Hydrogenophilaceae
OTU_226	Bacteria	Proteobacteria	Betaproteobacteria	Methylophilales	Methylophilaceae	Methylobacillus	g_Methylobacillus
OTU_227	Bacteria	Proteobacteria	Betaproteobacteria	Methylophilales	Methylophilaceae	Methylotenera	g_Methylotenera
OTU_228	Bacteria	Proteobacteria	Betaproteobacteria	Neisseriales	Neisseriaceae	f_Neisseriaceae	f_Neisseriaceae
OTU_229	Bacteria	Proteobacteria	Betaproteobacteria	Neisseriales	Neisseriaceae	Neisseria	g_Neisseria
OTU_230	Bacteria	Proteobacteria	Betaproteobacteria	Neisseriales	Neisseriaceae	Neisseria	g_Neisseria
OTU_231	Bacteria	Proteobacteria	Betaproteobacteria	c_Betaproteobacteria	c_Betaproteobacteria	c_Betaproteobacteria	c_Betaproteobacteria
OTU_232	Bacteria	Proteobacteria	Betaproteobacteria	Rhodocyclales	Rhodocyclaceae	f_Rhodocyclaceae	f_Rhodocyclaceae
OTU_233	Bacteria	Proteobacteria	Betaproteobacteria	Rhodocyclales	Rhodocyclaceae	Azospira	g_Azospira
OTU_234	Bacteria	Proteobacteria	Betaproteobacteria	Rhodocyclales	Rhodocyclaceae	Azospira	g_Azospira
OTU_235	Bacteria	Proteobacteria	Betaproteobacteria	Rhodocyclales	Rhodocyclaceae	f_Rhodocyclaceae	f_Rhodocyclaceae
OTU_236	Bacteria	Proteobacteria	Betaproteobacteria	Rhodocyclales	Rhodocyclaceae	Propionivibrio	g_Propionivibrio
OTU_237	Bacteria	Proteobacteria	Betaproteobacteria	Rhodocyclales	Rhodocyclaceae	Rhodocyclus	g_Rhodocyclus
OTU_238	Bacteria	Proteobacteria	Betaproteobacteria	Rhodocyclales	Rhodocyclaceae	Uliginosibacterium	g_Uliginosibacterium
OTU_239	Bacteria	Proteobacteria	Betaproteobacteria	Rhodocyclales	Rhodocyclaceae	Uliginosibacterium	MIC2059
OTU_240	Bacteria	Proteobacteria	Deltaproteobacteria	c_Deltaproteobacteria	c_Deltaproteobacteria	c_Deltaproteobacteria	c_Deltaproteobacteria
OTU_241	Bacteria	Proteobacteria	Deltaproteobacteria	Desulfarculales	Desulfarculaceae	f_Desulfarculaceae	f_Desulfarculaceae
OTU_242	Bacteria	Proteobacteria	Deltaproteobacteria	Desulfobacterales	Desulfobacteraceae	f_Desulfobacteraceae	f_Desulfobacteraceae
OTU_243	Bacteria	Proteobacteria	Deltaproteobacteria	Desulfobacterales	Desulfobacteraceae	Desulfobacter	g_Desulfobacter
OTU_244	Bacteria	Proteobacteria	Deltaproteobacteria	Desulfobacterales	Desulfobacteraceae	Desulfobacter	postgatei
OTU_245	Bacteria	Proteobacteria	Deltaproteobacteria	Desulfobacterales	Desulfobacteraceae	f_Desulfobacteraceae	f_Desulfobacteraceae
OTU_246	Bacteria	Proteobacteria	Deltaproteobacteria	Desulfobacterales	Desulfobulbaceae	Desulfobulbus	rhabdoformis
OTU_247	Bacteria	Proteobacteria	Deltaproteobacteria	c_Deltaproteobacteria	c_Deltaproteobacteria	Desulfovibrio	g_Desulfovibrio
OTU_248	Bacteria	Proteobacteria	Deltaproteobacteria	c_Deltaproteobacteria	c_Deltaproteobacteria	Desulfovibrio	AND1
OTU_249	Bacteria	Proteobacteria	Deltaproteobacteria	c_Deltaproteobacteria	c_Deltaproteobacteria	Desulfovibrio	BerOc1
OTU_250	Bacteria	Proteobacteria	Deltaproteobacteria	c_Deltaproteobacteria	c_Deltaproteobacteria	Desulfovibrio	burkinensis
OTU_251	Bacteria	Proteobacteria	Deltaproteobacteria	c_Deltaproteobacteria	c_Deltaproteobacteria	Desulfovibrio	carbinoliphilus
OTU_252	Bacteria	Proteobacteria	Deltaproteobacteria	c_Deltaproteobacteria	c_Deltaproteobacteria	Desulfovibrio	enrichment_culture_clone_Jdgsrb015
OTU_253	Bacteria	Proteobacteria	Deltaproteobacteria	c_Deltaproteobacteria	c_Deltaproteobacteria	Desulfovibrio	hydrothermalis
OTU_254	Bacteria	Proteobacteria	Deltaproteobacteria	c_Deltaproteobacteria	c_Deltaproteobacteria	Desulfovibrio	idahonensis
OTU_255	Bacteria	Proteobacteria	Deltaproteobacteria	c_Deltaproteobacteria	c_Deltaproteobacteria	Desulfovibrio	termitidis
OTU_256	Bacteria	Proteobacteria	Deltaproteobacteria	Desulfurellales	Desulfurellaceae	Desulfurella	g_Desulfurella
OTU_257	Bacteria	Proteobacteria	Deltaproteobacteria	c_Deltaproteobacteria	c_Deltaproteobacteria	c_Deltaproteobacteria	acetoxidans
OTU_258	Bacteria	Proteobacteria	Deltaproteobacteria	Myxococcales	o_Myxococcales	o_Myxococcales	o_Myxococcales
OTU_259	Bacteria	Proteobacteria	Deltaproteobacteria	Syntrophobacterales	Syntrophobacteraceae	Syntrophobacter	g_Syntrophobacter
OTU_260	Bacteria	Proteobacteria	Epsilonproteobacteria	Campylobacterales	Campylobacteraceae	Arcobacter	g_Arcobacter
OTU_261	Bacteria	Proteobacteria	Epsilonproteobacteria	Campylobacterales	Campylobacteraceae	Arcobacter	sw026
OTU_262	Bacteria	Proteobacteria	Epsilonproteobacteria	Campylobacterales	Campylobacteraceae	Sulfurospirillum	g_Sulfurospirillum
OTU_263	Bacteria	Proteobacteria	Gammaproteobacteria	c_Gammaproteobacteria	c_Gammaproteobacteria	c_Gammaproteobacteria	c_Gammaproteobacteria
OTU_264	Bacteria	Proteobacteria	Gammaproteobacteria	c_Gammaproteobacteria	c_Gammaproteobacteria	c_Gammaproteobacteria	c_Gammaproteobacteria
OTU_265	Bacteria	Proteobacteria	Gammaproteobacteria	c_Gammaproteobacteria	c_Gammaproteobacteria	c_Gammaproteobacteria	HT10
OTU_266	Bacteria	Proteobacteria	Gammaproteobacteria	c_Gammaproteobacteria	c_Gammaproteobacteria	c_Gammaproteobacteria	c_Gammaproteobacteria
OTU_267	Bacteria	Proteobacteria	Gammaproteobacteria	c_Gammaproteobacteria	c_Gammaproteobacteria	Aliagarivorans	g_Aliagarivorans
OTU_268	Bacteria	Proteobacteria	Gammaproteobacteria	Chromatiales	Chromatiaceae	f_Chromatiaceae	f_Chromatiaceae
OTU_269	Bacteria	Proteobacteria	Gammaproteobacteria	Chromatiales	Chromatiaceae	Allochromatium	MT6010
OTU_270	Bacteria	Proteobacteria	Gammaproteobacteria	Chromatiales	Chromatiaceae	Allochromatium	MTCH3IM013
OTU_271	Bacteria	Proteobacteria	Gammaproteobacteria	Chromatiales	Chromatiaceae	Allochromatium	minutissimum
OTU_272	Bacteria	Proteobacteria	Gammaproteobacteria	Chromatiales	Chromatiaceae	Allochromatium	vinosum
OTU_273	Bacteria	Proteobacteria	Gammaproteobacteria	Chromatiales	Chromatiaceae	Halochromatium	g_Halochromatium
OTU_274	Bacteria	Proteobacteria	Gammaproteobacteria	Chromatiales	Chromatiaceae	Rheinheimera	g_Rheinheimera
OTU_275	Bacteria	Proteobacteria	Gammaproteobacteria	Chromatiales	Chromatiaceae	Thiococcus	pfennigii
OTU_276	Bacteria	Proteobacteria	Gammaproteobacteria	Chromatiales	Chromatiaceae	Thiorhodococcus	TcyfPS10
OTU_277	Bacteria	Proteobacteria	Gammaproteobacteria	Chromatiales	Chromatiaceae	Thiorhodococcus	drewsii
OTU_278	Bacteria	Proteobacteria	Gammaproteobacteria	Chromatiales	Halothiobacillaceae	Thiovirga	g_Thiovirga
OTU_279	Bacteria	Proteobacteria	Gammaproteobacteria	Enterobacteriales	Enterobacteriaceae	f_Enterobacteriaceae	f_Enterobacteriaceae
OTU_280	Bacteria	Proteobacteria	Gammaproteobacteria	Enterobacteriales	Enterobacteriaceae	Citrobacter	g_Citrobacter
OTU_281	Bacteria	Proteobacteria	Gammaproteobacteria	Enterobacteriales	Enterobacteriaceae	Citrobacter	ChDC_B324
OTU_282	Bacteria	Proteobacteria	Gammaproteobacteria	Enterobacteriales	Enterobacteriaceae	Citrobacter	ChDC_B325
OTU_283	Bacteria	Proteobacteria	Gammaproteobacteria	Enterobacteriales	Enterobacteriaceae	Citrobacter	I91-6
OTU_284	Bacteria	Proteobacteria	Gammaproteobacteria	Enterobacteriales	Enterobacteriaceae	Citrobacter	KMSI-3
OTU_285	Bacteria	Proteobacteria	Gammaproteobacteria	Enterobacteriales	Enterobacteriaceae	Citrobacter	KTE151
OTU_286	Bacteria	Proteobacteria	Gammaproteobacteria	Enterobacteriales	Enterobacteriaceae	Citrobacter	LSRC194
OTU_287	Bacteria	Proteobacteria	Gammaproteobacteria	Enterobacteriales	Enterobacteriaceae	Citrobacter	OC9
OTU_288	Bacteria	Proteobacteria	Gammaproteobacteria	Enterobacteriales	Enterobacteriaceae	Citrobacter	enrichment_culture_clone_BR19
OTU_289	Bacteria	Proteobacteria	Gammaproteobacteria	Enterobacteriales	Enterobacteriaceae	Citrobacter	freundii
OTU_290	Bacteria	Proteobacteria	Gammaproteobacteria	Enterobacteriales	Enterobacteriaceae	Citrobacter	g_Citrobacter
OTU_291	Bacteria	Proteobacteria	Gammaproteobacteria	Enterobacteriales	Enterobacteriaceae	Enterobacter	g_Enterobacter
OTU_292	Bacteria	Proteobacteria	Gammaproteobacteria	Enterobacteriales	Enterobacteriaceae	Enterobacter	B5(2012)
OTU_293	Bacteria	Proteobacteria	Gammaproteobacteria	Enterobacteriales	Enterobacteriaceae	Enterobacter	g_Enterobacter
OTU_294	Bacteria	Proteobacteria	Gammaproteobacteria	Enterobacteriales	Enterobacteriaceae	Erwinia	g_Erwinia
OTU_295	Bacteria	Proteobacteria	Gammaproteobacteria	Enterobacteriales	Enterobacteriaceae	Klebsiella	g_Klebsiella
OTU_296	Bacteria	Proteobacteria	Gammaproteobacteria	Enterobacteriales	Enterobacteriaceae	Pantoea	g_Pantoea
OTU_297	Bacteria	Proteobacteria	Gammaproteobacteria	Enterobacteriales	Enterobacteriaceae	Pantoea	g_Pantoea
OTU_298	Bacteria	Proteobacteria	Gammaproteobacteria	Enterobacteriales	Enterobacteriaceae	Raoultella	g_Raoultella
OTU_299	Bacteria	Proteobacteria	Gammaproteobacteria	Enterobacteriales	Enterobacteriaceae	Raoultella	g_Raoultella
OTU_300	Bacteria	Proteobacteria	Gammaproteobacteria	Enterobacteriales	Enterobacteriaceae	Salmonella	g_Salmonella
OTU_301	Bacteria	Proteobacteria	Gammaproteobacteria	Enterobacteriales	Enterobacteriaceae	Tatumella	g_Tatumella
OTU_302	Bacteria	Proteobacteria	Gammaproteobacteria	Enterobacteriales	Enterobacteriaceae	f_Enterobacteriaceae	f_Enterobacteriaceae
OTU_303	Bacteria	Proteobacteria	Gammaproteobacteria	Legionellales	Coxiellaceae	Coxiella	g_Coxiella
OTU_304	Bacteria	Proteobacteria	Gammaproteobacteria	Legionellales	Coxiellaceae	Rickettsiella	g_Rickettsiella
OTU_305	Bacteria	Proteobacteria	Gammaproteobacteria	Oceanospirillales	o_Oceanospirillales	o_Oceanospirillales	o_Oceanospirillales
OTU_306	Bacteria	Proteobacteria	Gammaproteobacteria	Oceanospirillales	Oceanospirillaceae	f_Oceanospirillaceae	f_Oceanospirillaceae
OTU_307	Bacteria	Proteobacteria	Gammaproteobacteria	Pasteurellales	Pasteurellaceae	Haemophilus	g_Haemophilus
OTU_308	Bacteria	Proteobacteria	Gammaproteobacteria	Pasteurellales	Pasteurellaceae	Haemophilus	g_Haemophilus
OTU_309	Bacteria	Proteobacteria	Gammaproteobacteria	c_Gammaproteobacteria	Moraxellaceae	Acinetobacter	g_Acinetobacter
OTU_310	Bacteria	Proteobacteria	Gammaproteobacteria	c_Gammaproteobacteria	Moraxellaceae	Acinetobacter	g_Acinetobacter
OTU_311	Bacteria	Proteobacteria	Gammaproteobacteria	c_Gammaproteobacteria	Moraxellaceae	Enhydrobacter	g_Enhydrobacter
OTU_312	Bacteria	Proteobacteria	Gammaproteobacteria	c_Gammaproteobacteria	c_Gammaproteobacteria	c_Gammaproteobacteria	c_Gammaproteobacteria
OTU_313	Bacteria	Proteobacteria	Gammaproteobacteria	c_Gammaproteobacteria	c_Gammaproteobacteria	c_Gammaproteobacteria	c_Gammaproteobacteria
OTU_314	Bacteria	Proteobacteria	Gammaproteobacteria	Thiotrichales	Thiotrichaceae	Thiothrix	g_Thiothrix
OTU_315	Bacteria	Proteobacteria	Gammaproteobacteria	c_Gammaproteobacteria	c_Gammaproteobacteria	Catenococcus	g_Catenococcus
OTU_316	Bacteria	Proteobacteria	Gammaproteobacteria	c_Gammaproteobacteria	c_Gammaproteobacteria	Vibrio	g_Vibrio
OTU_317	Bacteria	Proteobacteria	Gammaproteobacteria	c_Gammaproteobacteria	c_Gammaproteobacteria	Vibrio	0908
OTU_318	Bacteria	Proteobacteria	Gammaproteobacteria	c_Gammaproteobacteria	c_Gammaproteobacteria	Vibrio	CAIM_1255
OTU_319	Bacteria	Proteobacteria	Gammaproteobacteria	c_Gammaproteobacteria	c_Gammaproteobacteria	Vibrio	albensis
OTU_320	Bacteria	Proteobacteria	Gammaproteobacteria	c_Gammaproteobacteria	c_Gammaproteobacteria	Vibrio	mediterranei
OTU_321	Bacteria	Proteobacteria	Gammaproteobacteria	c_Gammaproteobacteria	c_Gammaproteobacteria	Vibrio	vulnificus
OTU_322	Bacteria	Proteobacteria	Gammaproteobacteria	c_Gammaproteobacteria	c_Gammaproteobacteria	c_Gammaproteobacteria	c_Gammaproteobacteria
OTU_323	Bacteria	Spirochaetae	Spirochaetes	Spirochaetales	Leptospiraceae	f_Leptospiraceae	f_Leptospiraceae
OTU_324	Bacteria	Spirochaetae	Spirochaetes	Spirochaetales	Spirochaetaceae	f_Spirochaetaceae	f_Spirochaetaceae
OTU_325	Bacteria	Spirochaetae	Spirochaetes	Spirochaetales	Spirochaetaceae	Spirochaeta	g_Spirochaeta
OTU_326	Bacteria	Spirochaetae	Spirochaetes	Spirochaetales	Spirochaetaceae	Spirochaeta	B
OTU_327	Bacteria	Spirochaetae	Spirochaetes	Spirochaetales	Spirochaetaceae	Spirochaeta	MO-SPC1
OTU_328	Bacteria	Spirochaetae	Spirochaetes	Spirochaetales	Spirochaetaceae	Spirochaeta	cellobiosiphila
OTU_329	Bacteria	Spirochaetae	Spirochaetes	Spirochaetales	Spirochaetaceae	Treponema	g_Treponema
OTU_330	Bacteria	Spirochaetae	Spirochaetes	Spirochaetales	Spirochaetaceae	Treponema	zuelzerae
OTU_331	Bacteria	Spirochaetes	p_Spirochaetes	p_Spirochaetes	p_Spirochaetes	p_Spirochaetes	p_Spirochaetes
OTU_332	Bacteria	Tenericutes	Mollicutes	c_Mollicutes	c_Mollicutes	c_Mollicutes	c_Mollicutes
OTU_333	Bacteria	Tenericutes	Mollicutes	Acholeplasmatales	Acholeplasmataceae	Acholeplasma	g_Acholeplasma
OTU_334	Bacteria	Thermotogae	Thermotogae	Thermotogales	Thermotogaceae	f_Thermotogaceae	f_Thermotogaceae
OTU_335	Bacteria	Verrucomicrobia	p_Verrucomicrobia	p_Verrucomicrobia	p_Verrucomicrobia	p_Verrucomicrobia	p_Verrucomicrobia
OTU_336	Bacteria	Verrucomicrobia	Opitutae	Opitutales	Opitutaceae	Opitutus	g_Opitutus
OTU_337	Bacteria	Verrucomicrobia	Opitutae	Opitutales	Opitutaceae	Opitutus	VeSm13
OTU_338	Bacteria	Verrucomicrobia	Opitutae	Puniceicoccales	Puniceicoccaceae	Cerasicoccus	g_Cerasicoccus
